CREATE DATABASE IF NOT EXISTS ataviada DEFAULT CHARACTER SET utf8 ;
USE ataviada ;

-- MySQL dump 10.13  Distrib 8.0.31, for Win64 (x86_64)
--
-- Host: localhost    Database: ataviada
-- ------------------------------------------------------
-- Server version	8.0.31

/*!40101 SET @OLD_CHARACTER_SET_CLIENT=@@CHARACTER_SET_CLIENT */;
/*!40101 SET @OLD_CHARACTER_SET_RESULTS=@@CHARACTER_SET_RESULTS */;
/*!40101 SET @OLD_COLLATION_CONNECTION=@@COLLATION_CONNECTION */;
/*!50503 SET NAMES utf8mb4 */;
/*!40103 SET @OLD_TIME_ZONE=@@TIME_ZONE */;
/*!40103 SET TIME_ZONE='+00:00' */;
/*!40014 SET @OLD_UNIQUE_CHECKS=@@UNIQUE_CHECKS, UNIQUE_CHECKS=0 */;
/*!40014 SET @OLD_FOREIGN_KEY_CHECKS=@@FOREIGN_KEY_CHECKS, FOREIGN_KEY_CHECKS=0 */;
/*!40101 SET @OLD_SQL_MODE=@@SQL_MODE, SQL_MODE='NO_AUTO_VALUE_ON_ZERO' */;
/*!40111 SET @OLD_SQL_NOTES=@@SQL_NOTES, SQL_NOTES=0 */;

--
-- Table structure for table `alquila`
--

DROP TABLE IF EXISTS `alquila`;
/*!40101 SET @saved_cs_client     = @@character_set_client */;
/*!50503 SET character_set_client = utf8mb4 */;
CREATE TABLE `alquila` (
  `CLIENTE_codigo_cliente` int NOT NULL,
  `PRODUCTO_cod_producto` int NOT NULL,
  `fecha_alquiler` datetime NOT NULL,
  `fecha_fin` datetime DEFAULT NULL,
  `precio` double NOT NULL,
  PRIMARY KEY (`CLIENTE_codigo_cliente`,`PRODUCTO_cod_producto`,`fecha_alquiler`),
  KEY `fk_CLIENTE_has_PRODUCTO1_PRODUCTO1_idx` (`PRODUCTO_cod_producto`),
  KEY `fk_CLIENTE_has_PRODUCTO1_CLIENTE1_idx` (`CLIENTE_codigo_cliente`),
  CONSTRAINT `fk_CLIENTE_has_PRODUCTO1_CLIENTE1` FOREIGN KEY (`CLIENTE_codigo_cliente`) REFERENCES `cliente` (`codigo_cliente`) ON DELETE RESTRICT ON UPDATE CASCADE
) ENGINE=InnoDB DEFAULT CHARSET=utf8mb3;
/*!40101 SET character_set_client = @saved_cs_client */;

--
-- Dumping data for table `alquila`
--

LOCK TABLES `alquila` WRITE;
/*!40000 ALTER TABLE `alquila` DISABLE KEYS */;
INSERT INTO `alquila` VALUES (1,65,'2022-09-04 00:00:00','2022-11-23 00:00:00',28.3),(2,233,'2020-12-08 00:00:00','2023-02-18 00:00:00',35.94),(3,693,'2022-03-31 00:00:00','2023-03-14 00:00:00',70.47),(4,424,'2022-10-23 00:00:00','2023-01-30 00:00:00',54.28),(5,283,'2021-01-17 00:00:00','2023-02-23 00:00:00',17.68),(5,733,'2020-05-16 00:00:00','2023-01-08 00:00:00',90.77),(6,835,'2021-07-28 00:00:00',NULL,9.13),(7,682,'2022-04-03 00:00:00',NULL,7.54),(8,418,'2021-01-04 00:00:00','2022-12-26 00:00:00',18.14),(10,213,'2021-07-02 00:00:00','2022-08-13 00:00:00',40.12);
/*!40000 ALTER TABLE `alquila` ENABLE KEYS */;
UNLOCK TABLES;

--
-- Table structure for table `baja_cliente`
--

DROP TABLE IF EXISTS `baja_cliente`;
/*!40101 SET @saved_cs_client     = @@character_set_client */;
/*!50503 SET character_set_client = utf8mb4 */;
CREATE TABLE `baja_cliente` (
  `cod` int NOT NULL,
  `nombre` varchar(100) DEFAULT NULL,
  `apellido` varchar(100) DEFAULT NULL,
  PRIMARY KEY (`cod`)
) ENGINE=InnoDB DEFAULT CHARSET=utf8mb3;
/*!40101 SET character_set_client = @saved_cs_client */;

--
-- Dumping data for table `baja_cliente`
--

LOCK TABLES `baja_cliente` WRITE;
/*!40000 ALTER TABLE `baja_cliente` DISABLE KEYS */;
INSERT INTO `baja_cliente` VALUES (11,'Marina','Rodriguez');
/*!40000 ALTER TABLE `baja_cliente` ENABLE KEYS */;
UNLOCK TABLES;

--
-- Table structure for table `bizum`
--

DROP TABLE IF EXISTS `bizum`;
/*!40101 SET @saved_cs_client     = @@character_set_client */;
/*!50503 SET character_set_client = utf8mb4 */;
CREATE TABLE `bizum` (
  `nombre_cuenta` varchar(45) NOT NULL,
  `MODO_PAGO_codigo_cliente` int NOT NULL,
  KEY `fk_BIZUM_MODO_PAGO1_idx` (`MODO_PAGO_codigo_cliente`),
  CONSTRAINT `fk_BIZUM_MODO_PAGO1` FOREIGN KEY (`MODO_PAGO_codigo_cliente`) REFERENCES `modo_pago` (`codigo_cuenta`)
) ENGINE=InnoDB DEFAULT CHARSET=utf8mb3;
/*!40101 SET character_set_client = @saved_cs_client */;

--
-- Dumping data for table `bizum`
--

LOCK TABLES `bizum` WRITE;
/*!40000 ALTER TABLE `bizum` DISABLE KEYS */;
INSERT INTO `bizum` VALUES ('rhannaby0',429),('nbremley1',656),('breimers2',208),('gcostan3',95),('rblackway4',123),('ayusupov5',785),('rvanderkruys6',643),('cbeekmann7',317),('cbrumhead8',547),('wcritchlow9',556);
/*!40000 ALTER TABLE `bizum` ENABLE KEYS */;
UNLOCK TABLES;

--
-- Table structure for table `cliente`
--

DROP TABLE IF EXISTS `cliente`;
/*!40101 SET @saved_cs_client     = @@character_set_client */;
/*!50503 SET character_set_client = utf8mb4 */;
CREATE TABLE `cliente` (
  `codigo_cliente` int NOT NULL,
  `nombre` varchar(45) NOT NULL,
  `apellido` varchar(45) NOT NULL,
  `telefono` varchar(9) CHARACTER SET utf8mb3 COLLATE utf8mb3_general_ci DEFAULT NULL,
  `DNI` varchar(9) NOT NULL,
  `direccion` varchar(45) DEFAULT NULL,
  `CLIENTE_codigo_cliente_invitado` int DEFAULT NULL,
  `descuento` varchar(45) DEFAULT NULL,
  PRIMARY KEY (`codigo_cliente`),
  KEY `fk_CLIENTE_CLIENTE1_idx` (`CLIENTE_codigo_cliente_invitado`),
  CONSTRAINT `fk_CLIENTE_CLIENTE1` FOREIGN KEY (`CLIENTE_codigo_cliente_invitado`) REFERENCES `cliente` (`codigo_cliente`) ON DELETE CASCADE ON UPDATE CASCADE
) ENGINE=InnoDB DEFAULT CHARSET=utf8mb3;
/*!40101 SET character_set_client = @saved_cs_client */;

--
-- Dumping data for table `cliente`
--

LOCK TABLES `cliente` WRITE;
/*!40000 ALTER TABLE `cliente` DISABLE KEYS */;
INSERT INTO `cliente` VALUES (1,'Gabriele','McCowen','368412742','32544290A','Heffernan',2,'tiene'),(2,'Humberto','Campanelli','600669961','45276826B','Luster',3,'tiene'),(3,'Dewey','Kibblewhite','743535144','35833861V','Lakewood Gardens',1,'tiene'),(4,'Linzy','Gatiss','791935683','12264675S',NULL,6,'tiene'),(5,'Martin','McCowen','426813456','32544290K',NULL,2,'tiene'),(6,'Alica','Themann','834767431','88156907Z','Grayhawk',2,'tiene'),(7,'Alexio','Stute','744853193','99383127F','Grayhawk',1,'tiene'),(8,'Clevie','Guiet','972239903','90132324T','Northridge',7,'tiene'),(9,'Martin','McCowen','426813456','32544290K',NULL,2,'tiene'),(10,'Eb','Fairlam','857474509','97664256W','Hovde',7,'tiene');
/*!40000 ALTER TABLE `cliente` ENABLE KEYS */;
UNLOCK TABLES;
/*!50003 SET @saved_cs_client      = @@character_set_client */ ;
/*!50003 SET @saved_cs_results     = @@character_set_results */ ;
/*!50003 SET @saved_col_connection = @@collation_connection */ ;
/*!50003 SET character_set_client  = utf8mb4 */ ;
/*!50003 SET character_set_results = utf8mb4 */ ;
/*!50003 SET collation_connection  = utf8mb4_0900_ai_ci */ ;
/*!50003 SET @saved_sql_mode       = @@sql_mode */ ;
/*!50003 SET sql_mode              = 'ONLY_FULL_GROUP_BY,STRICT_TRANS_TABLES,NO_ZERO_IN_DATE,NO_ZERO_DATE,ERROR_FOR_DIVISION_BY_ZERO,NO_ENGINE_SUBSTITUTION' */ ;
/*!50003 SET sql_mode              = @saved_sql_mode */ ;
/*!50003 SET character_set_client  = @saved_cs_client */ ;
/*!50003 SET character_set_results = @saved_cs_results */ ;
/*!50003 SET collation_connection  = @saved_col_connection */ ;

--
-- Table structure for table `clientehacepedido`
--

DROP TABLE IF EXISTS `clientehacepedido`;
/*!40101 SET @saved_cs_client     = @@character_set_client */;
/*!50503 SET character_set_client = utf8mb4 */;
CREATE TABLE `clientehacepedido` (
  `PEDIDO_fecha_pedido` datetime NOT NULL,
  `CLIENTE_codigo_cliente` int NOT NULL,
  PRIMARY KEY (`PEDIDO_fecha_pedido`,`CLIENTE_codigo_cliente`),
  KEY `fk_PEDIDO_has_CLIENTE_CLIENTE1_idx` (`CLIENTE_codigo_cliente`),
  KEY `fk_PEDIDO_has_CLIENTE_PEDIDO1_idx` (`PEDIDO_fecha_pedido`),
  CONSTRAINT `fk_PEDIDO_has_CLIENTE_CLIENTE1` FOREIGN KEY (`CLIENTE_codigo_cliente`) REFERENCES `cliente` (`codigo_cliente`) ON DELETE RESTRICT ON UPDATE CASCADE,
  CONSTRAINT `fk_PEDIDO_has_CLIENTE_PEDIDO1` FOREIGN KEY (`PEDIDO_fecha_pedido`) REFERENCES `pedido` (`fecha_pedido`) ON DELETE RESTRICT ON UPDATE CASCADE
) ENGINE=InnoDB DEFAULT CHARSET=utf8mb3;
/*!40101 SET character_set_client = @saved_cs_client */;

--
-- Dumping data for table `clientehacepedido`
--

LOCK TABLES `clientehacepedido` WRITE;
/*!40000 ALTER TABLE `clientehacepedido` DISABLE KEYS */;
INSERT INTO `clientehacepedido` VALUES ('2022-03-16 00:00:00',2),('2021-04-17 00:00:00',4),('2021-06-15 00:00:00',4),('2021-04-29 00:00:00',5),('2021-06-28 00:00:00',6),('2021-11-29 00:00:00',7),('2022-03-20 00:00:00',7),('2021-11-29 00:00:00',8),('2022-03-16 00:00:00',8),('2021-09-21 00:00:00',10);
/*!40000 ALTER TABLE `clientehacepedido` ENABLE KEYS */;
UNLOCK TABLES;

--
-- Table structure for table `clientehacereserva`
--

DROP TABLE IF EXISTS `clientehacereserva`;
/*!40101 SET @saved_cs_client     = @@character_set_client */;
/*!50503 SET character_set_client = utf8mb4 */;
CREATE TABLE `clientehacereserva` (
  `RESERVA_numero_identificacion` int NOT NULL,
  `CLIENTE_codigo_cliente` int NOT NULL,
  PRIMARY KEY (`RESERVA_numero_identificacion`,`CLIENTE_codigo_cliente`),
  KEY `fk_RESERVA_has_CLIENTE_CLIENTE1_idx` (`CLIENTE_codigo_cliente`),
  KEY `fk_RESERVA_has_CLIENTE_RESERVA1_idx` (`RESERVA_numero_identificacion`),
  CONSTRAINT `fk_RESERVA_has_CLIENTE_CLIENTE1` FOREIGN KEY (`CLIENTE_codigo_cliente`) REFERENCES `cliente` (`codigo_cliente`) ON DELETE RESTRICT ON UPDATE CASCADE,
  CONSTRAINT `fk_RESERVA_has_CLIENTE_RESERVA1` FOREIGN KEY (`RESERVA_numero_identificacion`) REFERENCES `reserva` (`numero_identificacion`)
) ENGINE=InnoDB DEFAULT CHARSET=utf8mb3;
/*!40101 SET character_set_client = @saved_cs_client */;

--
-- Dumping data for table `clientehacereserva`
--

LOCK TABLES `clientehacereserva` WRITE;
/*!40000 ALTER TABLE `clientehacereserva` DISABLE KEYS */;
INSERT INTO `clientehacereserva` VALUES (10,1),(1,2),(5,2),(6,2),(9,2),(2,3),(2,7),(1,8),(10,9),(4,10);
/*!40000 ALTER TABLE `clientehacereserva` ENABLE KEYS */;
UNLOCK TABLES;

--
-- Temporary view structure for view `clientes_sin_direccion`
--

DROP TABLE IF EXISTS `clientes_sin_direccion`;
/*!50001 DROP VIEW IF EXISTS `clientes_sin_direccion`*/;
SET @saved_cs_client     = @@character_set_client;
/*!50503 SET character_set_client = utf8mb4 */;
/*!50001 CREATE VIEW `clientes_sin_direccion` AS SELECT 
 1 AS `CLIENTE_codigo_cliente`*/;
SET character_set_client = @saved_cs_client;

--
-- Table structure for table `lineapedido`
--

DROP TABLE IF EXISTS `lineapedido`;
/*!40101 SET @saved_cs_client     = @@character_set_client */;
/*!50503 SET character_set_client = utf8mb4 */;
CREATE TABLE `lineapedido` (
  `PRODUCTO_cod_producto` int NOT NULL,
  `PRODUCTO_MODO_PAGO_codigo_cuenta` int NOT NULL,
  `PEDIDO_fecha_pedido` datetime NOT NULL,
  `cantidad` int NOT NULL,
  `precio` double NOT NULL,
  PRIMARY KEY (`PRODUCTO_cod_producto`,`PRODUCTO_MODO_PAGO_codigo_cuenta`,`PEDIDO_fecha_pedido`),
  KEY `fk_PRODUCTO_has_PEDIDO_PEDIDO1_idx` (`PEDIDO_fecha_pedido`),
  KEY `fk_PRODUCTO_has_PEDIDO_PRODUCTO1_idx` (`PRODUCTO_cod_producto`,`PRODUCTO_MODO_PAGO_codigo_cuenta`),
  CONSTRAINT `fk_PRODUCTO_has_PEDIDO_PEDIDO1` FOREIGN KEY (`PEDIDO_fecha_pedido`) REFERENCES `pedido` (`fecha_pedido`) ON DELETE RESTRICT ON UPDATE CASCADE,
  CONSTRAINT `fk_PRODUCTO_has_PEDIDO_PRODUCTO1` FOREIGN KEY (`PRODUCTO_cod_producto`, `PRODUCTO_MODO_PAGO_codigo_cuenta`) REFERENCES `producto` (`cod_producto`, `MODO_PAGO_codigo_cuenta`)
) ENGINE=InnoDB DEFAULT CHARSET=utf8mb3;
/*!40101 SET character_set_client = @saved_cs_client */;

--
-- Dumping data for table `lineapedido`
--

LOCK TABLES `lineapedido` WRITE;
/*!40000 ALTER TABLE `lineapedido` DISABLE KEYS */;
INSERT INTO `lineapedido` VALUES (1,97,'2021-11-19 00:00:00',72,23.68),(15,32,'2021-06-28 00:00:00',28,26.21),(21,40,'2021-04-17 00:00:00',86,24.38),(100,7,'2021-06-28 00:00:00',100,59.2),(260,57,'2021-11-19 00:00:00',57,37.04),(322,29,'2022-03-16 00:00:00',5,26.24),(390,55,'2021-11-19 00:00:00',70,56.89),(593,13,'2022-03-16 00:00:00',30,98.56),(694,44,'2021-06-28 00:00:00',97,29.22);
/*!40000 ALTER TABLE `lineapedido` ENABLE KEYS */;
UNLOCK TABLES;

--
-- Table structure for table `modo_pago`
--

DROP TABLE IF EXISTS `modo_pago`;
/*!40101 SET @saved_cs_client     = @@character_set_client */;
/*!50503 SET character_set_client = utf8mb4 */;
CREATE TABLE `modo_pago` (
  `codigo_cuenta` int NOT NULL,
  `fecha_pago` varchar(45) NOT NULL,
  PRIMARY KEY (`codigo_cuenta`)
) ENGINE=InnoDB DEFAULT CHARSET=utf8mb3;
/*!40101 SET character_set_client = @saved_cs_client */;

--
-- Dumping data for table `modo_pago`
--

LOCK TABLES `modo_pago` WRITE;
/*!40000 ALTER TABLE `modo_pago` DISABLE KEYS */;
INSERT INTO `modo_pago` VALUES (1,'1/23/2022'),(2,'5/18/2022'),(3,'11/9/2022'),(4,'11/17/2022'),(5,'8/23/2022'),(6,'7/15/2022'),(7,'1/7/2023'),(8,'11/26/2022'),(9,'12/30/2022'),(10,'6/28/2022'),(11,'9/13/2022'),(12,'10/31/2022'),(13,'9/10/2022'),(14,'10/3/2022'),(15,'1/24/2022'),(16,'12/10/2022'),(17,'1/23/2022'),(18,'11/18/2022'),(19,'12/17/2022'),(20,'11/19/2022'),(21,'6/23/2022'),(22,'10/24/2022'),(23,'6/3/2022'),(24,'9/15/2022'),(25,'1/25/2022'),(26,'7/30/2022'),(27,'12/31/2022'),(28,'9/16/2022'),(29,'1/23/2022'),(30,'11/30/2022'),(31,'5/18/2022'),(32,'9/19/2022'),(33,'11/19/2022'),(34,'10/20/2022'),(35,'10/18/2022'),(36,'6/20/2022'),(37,'6/25/2022'),(38,'6/12/2022'),(39,'1/12/2023'),(40,'1/5/2023'),(41,'4/1/2022'),(42,'5/13/2022'),(43,'12/4/2022'),(44,'9/16/2022'),(45,'8/13/2022'),(46,'12/14/2022'),(47,'6/26/2022'),(48,'2/11/2022'),(49,'12/11/2022'),(50,'3/28/2022'),(51,'7/16/2022'),(52,'11/22/2022'),(53,'9/10/2022'),(54,'6/21/2022'),(55,'6/17/2022'),(56,'2/11/2022'),(57,'6/23/2022'),(58,'12/11/2022'),(59,'12/4/2022'),(60,'9/15/2022'),(61,'9/29/2022'),(62,'8/5/2022'),(63,'9/18/2022'),(64,'11/26/2022'),(65,'12/13/2022'),(66,'10/13/2022'),(67,'2/15/2022'),(68,'8/23/2022'),(69,'6/15/2022'),(70,'1/24/2022'),(71,'12/12/2022'),(72,'11/16/2022'),(73,'5/27/2022'),(74,'12/6/2022'),(75,'2/28/2022'),(76,'12/26/2022'),(77,'7/31/2022'),(78,'9/2/2022'),(79,'5/28/2022'),(80,'10/28/2022'),(81,'1/26/2022'),(82,'7/22/2022'),(83,'6/1/2022'),(84,'6/5/2022'),(85,'12/12/2022'),(86,'3/9/2022'),(87,'5/29/2022'),(88,'1/31/2022'),(89,'7/23/2022'),(90,'4/20/2022'),(91,'7/6/2022'),(92,'5/21/2022'),(93,'4/11/2022'),(94,'2/8/2022'),(95,'7/18/2022'),(96,'8/5/2022'),(97,'11/18/2022'),(98,'2/20/2022'),(99,'11/29/2022'),(100,'4/26/2022'),(101,'7/20/2022'),(102,'11/9/2022'),(103,'2/14/2022'),(104,'4/22/2022'),(105,'12/23/2022'),(106,'1/23/2022'),(107,'11/17/2022'),(108,'9/3/2022'),(109,'4/6/2022'),(110,'1/21/2022'),(111,'4/18/2022'),(112,'8/19/2022'),(113,'9/3/2022'),(114,'12/18/2022'),(115,'1/18/2023'),(116,'11/15/2022'),(117,'12/11/2022'),(118,'1/1/2023'),(119,'6/1/2022'),(120,'12/31/2022'),(121,'7/23/2022'),(122,'6/21/2022'),(123,'3/27/2022'),(124,'9/10/2022'),(125,'8/20/2022'),(126,'8/4/2022'),(127,'12/27/2022'),(128,'8/14/2022'),(129,'2/12/2022'),(130,'12/26/2022'),(131,'3/31/2022'),(132,'12/13/2022'),(133,'7/11/2022'),(134,'6/28/2022'),(135,'1/24/2022'),(136,'6/8/2022'),(137,'5/18/2022'),(138,'4/20/2022'),(139,'11/24/2022'),(140,'12/28/2022'),(141,'3/6/2022'),(142,'2/25/2022'),(143,'10/5/2022'),(144,'8/16/2022'),(145,'9/17/2022'),(146,'3/19/2022'),(147,'11/15/2022'),(148,'7/17/2022'),(149,'10/9/2022'),(150,'7/22/2022'),(151,'3/3/2022'),(152,'7/28/2022'),(153,'2/11/2022'),(154,'2/19/2022'),(155,'7/15/2022'),(156,'4/14/2022'),(157,'11/21/2022'),(158,'7/14/2022'),(159,'11/3/2022'),(160,'5/31/2022'),(161,'2/6/2022'),(162,'6/2/2022'),(163,'11/9/2022'),(164,'11/5/2022'),(165,'8/14/2022'),(166,'9/13/2022'),(167,'12/10/2022'),(168,'6/5/2022'),(169,'3/30/2022'),(170,'1/17/2023'),(171,'8/3/2022'),(172,'6/8/2022'),(173,'1/27/2022'),(174,'1/12/2023'),(175,'11/7/2022'),(176,'5/7/2022'),(177,'11/10/2022'),(178,'2/15/2022'),(179,'9/22/2022'),(180,'5/19/2022'),(181,'11/5/2022'),(182,'7/21/2022'),(183,'10/15/2022'),(184,'12/12/2022'),(185,'9/6/2022'),(186,'9/3/2022'),(187,'9/12/2022'),(188,'7/15/2022'),(189,'9/14/2022'),(190,'2/19/2022'),(191,'1/13/2023'),(192,'10/21/2022'),(193,'7/22/2022'),(194,'1/25/2022'),(195,'12/6/2022'),(196,'2/9/2022'),(197,'6/2/2022'),(198,'9/22/2022'),(199,'9/6/2022'),(200,'4/2/2022'),(201,'3/10/2022'),(202,'1/13/2023'),(203,'11/23/2022'),(204,'9/30/2022'),(205,'6/4/2022'),(206,'12/15/2022'),(207,'12/16/2022'),(208,'5/5/2022'),(209,'9/8/2022'),(210,'6/21/2022'),(211,'11/16/2022'),(212,'3/17/2022'),(213,'1/5/2023'),(214,'2/16/2022'),(215,'2/15/2022'),(216,'6/4/2022'),(217,'9/20/2022'),(218,'10/9/2022'),(219,'1/14/2023'),(220,'1/5/2023'),(221,'1/17/2023'),(222,'8/2/2022'),(223,'2/23/2022'),(224,'4/14/2022'),(225,'5/21/2022'),(226,'12/1/2022'),(227,'7/14/2022'),(228,'1/1/2023'),(229,'10/30/2022'),(230,'8/9/2022'),(231,'12/13/2022'),(232,'11/22/2022'),(233,'9/8/2022'),(234,'8/3/2022'),(235,'2/15/2022'),(236,'11/25/2022'),(237,'6/10/2022'),(238,'2/27/2022'),(239,'12/18/2022'),(240,'6/14/2022'),(241,'4/13/2022'),(242,'11/28/2022'),(243,'2/2/2022'),(244,'12/13/2022'),(245,'2/19/2022'),(246,'11/9/2022'),(247,'8/3/2022'),(248,'8/11/2022'),(249,'11/12/2022'),(250,'6/18/2022'),(251,'9/28/2022'),(252,'2/19/2022'),(253,'5/20/2022'),(254,'5/15/2022'),(255,'11/10/2022'),(256,'9/3/2022'),(257,'10/31/2022'),(258,'3/2/2022'),(259,'3/13/2022'),(260,'10/31/2022'),(261,'7/31/2022'),(262,'8/8/2022'),(263,'9/3/2022'),(264,'6/30/2022'),(265,'1/3/2023'),(266,'11/7/2022'),(267,'2/26/2022'),(268,'2/16/2022'),(269,'8/25/2022'),(270,'7/1/2022'),(271,'6/3/2022'),(272,'9/27/2022'),(273,'10/4/2022'),(274,'10/10/2022'),(275,'2/19/2022'),(276,'1/3/2023'),(277,'6/5/2022'),(278,'4/26/2022'),(279,'2/17/2022'),(280,'7/6/2022'),(281,'3/1/2022'),(282,'11/12/2022'),(283,'1/28/2022'),(284,'4/23/2022'),(285,'5/11/2022'),(286,'5/10/2022'),(287,'5/26/2022'),(288,'4/12/2022'),(289,'7/2/2022'),(290,'4/27/2022'),(291,'3/9/2022'),(292,'7/28/2022'),(293,'2/7/2022'),(294,'2/7/2022'),(295,'12/16/2022'),(296,'8/24/2022'),(297,'10/23/2022'),(298,'1/1/2023'),(299,'7/13/2022'),(300,'10/6/2022'),(301,'5/13/2022'),(302,'3/7/2022'),(303,'3/9/2022'),(304,'12/5/2022'),(305,'11/16/2022'),(306,'5/4/2022'),(307,'2/17/2022'),(308,'2/6/2022'),(309,'12/4/2022'),(310,'8/3/2022'),(311,'11/11/2022'),(312,'11/25/2022'),(313,'4/22/2022'),(314,'11/26/2022'),(315,'3/3/2022'),(316,'3/11/2022'),(317,'10/29/2022'),(318,'4/13/2022'),(319,'5/18/2022'),(320,'4/7/2022'),(321,'5/30/2022'),(322,'7/21/2022'),(323,'3/21/2022'),(324,'6/25/2022'),(325,'8/10/2022'),(326,'2/18/2022'),(327,'4/19/2022'),(328,'8/10/2022'),(329,'6/8/2022'),(330,'10/9/2022'),(331,'12/19/2022'),(332,'10/3/2022'),(333,'5/7/2022'),(334,'12/23/2022'),(335,'4/5/2022'),(336,'2/22/2022'),(337,'7/5/2022'),(338,'3/20/2022'),(339,'3/20/2022'),(340,'10/31/2022'),(341,'9/4/2022'),(342,'12/13/2022'),(343,'6/30/2022'),(344,'12/10/2022'),(345,'2/20/2022'),(346,'9/4/2022'),(347,'10/5/2022'),(348,'7/17/2022'),(349,'6/14/2022'),(350,'12/13/2022'),(351,'3/8/2022'),(352,'4/30/2022'),(353,'8/21/2022'),(354,'12/27/2022'),(355,'8/20/2022'),(356,'3/29/2022'),(357,'6/15/2022'),(358,'5/4/2022'),(359,'7/3/2022'),(360,'1/12/2023'),(361,'4/1/2022'),(362,'2/3/2022'),(363,'3/28/2022'),(364,'9/3/2022'),(365,'1/8/2023'),(366,'7/31/2022'),(367,'8/23/2022'),(368,'11/26/2022'),(369,'7/8/2022'),(370,'4/17/2022'),(371,'6/21/2022'),(372,'11/22/2022'),(373,'5/2/2022'),(374,'2/16/2022'),(375,'2/5/2022'),(376,'12/4/2022'),(377,'5/5/2022'),(378,'4/19/2022'),(379,'6/23/2022'),(380,'6/13/2022'),(381,'11/26/2022'),(382,'4/2/2022'),(383,'6/4/2022'),(384,'7/31/2022'),(385,'1/25/2022'),(386,'10/20/2022'),(387,'11/1/2022'),(388,'10/13/2022'),(389,'9/24/2022'),(390,'4/9/2022'),(391,'3/8/2022'),(392,'11/20/2022'),(393,'4/11/2022'),(394,'8/18/2022'),(395,'9/13/2022'),(396,'10/16/2022'),(397,'10/1/2022'),(398,'10/22/2022'),(399,'5/27/2022'),(400,'9/18/2022'),(401,'8/7/2022'),(402,'10/1/2022'),(403,'8/6/2022'),(404,'6/24/2022'),(405,'2/21/2022'),(406,'10/22/2022'),(407,'10/23/2022'),(408,'6/3/2022'),(409,'8/11/2022'),(410,'4/8/2022'),(411,'9/4/2022'),(412,'4/7/2022'),(413,'1/29/2022'),(414,'12/19/2022'),(415,'9/20/2022'),(416,'6/18/2022'),(417,'6/26/2022'),(418,'7/11/2022'),(419,'9/19/2022'),(420,'10/17/2022'),(421,'10/10/2022'),(422,'12/8/2022'),(423,'4/13/2022'),(424,'7/26/2022'),(425,'9/22/2022'),(426,'3/21/2022'),(427,'12/8/2022'),(428,'9/14/2022'),(429,'8/31/2022'),(430,'6/18/2022'),(431,'9/4/2022'),(432,'12/13/2022'),(433,'2/10/2022'),(434,'12/7/2022'),(435,'9/18/2022'),(436,'12/24/2022'),(437,'9/17/2022'),(438,'3/4/2022'),(439,'3/12/2022'),(440,'9/15/2022'),(441,'1/29/2022'),(442,'2/26/2022'),(443,'2/6/2022'),(444,'2/20/2022'),(445,'11/1/2022'),(446,'6/10/2022'),(447,'6/28/2022'),(448,'11/18/2022'),(449,'11/1/2022'),(450,'10/19/2022'),(451,'11/16/2022'),(452,'4/6/2022'),(453,'3/25/2022'),(454,'1/27/2022'),(455,'6/1/2022'),(456,'6/24/2022'),(457,'2/22/2022'),(458,'6/16/2022'),(459,'12/29/2022'),(460,'5/8/2022'),(461,'2/15/2022'),(462,'5/22/2022'),(463,'6/23/2022'),(464,'6/30/2022'),(465,'1/12/2023'),(466,'9/19/2022'),(467,'5/2/2022'),(468,'12/25/2022'),(469,'5/23/2022'),(470,'10/11/2022'),(471,'1/25/2022'),(472,'5/12/2022'),(473,'7/7/2022'),(474,'9/11/2022'),(475,'12/2/2022'),(476,'10/6/2022'),(477,'4/15/2022'),(478,'3/30/2022'),(479,'9/6/2022'),(480,'10/26/2022'),(481,'10/8/2022'),(482,'6/23/2022'),(483,'8/29/2022'),(484,'4/25/2022'),(485,'12/15/2022'),(486,'10/5/2022'),(487,'9/3/2022'),(488,'8/2/2022'),(489,'4/10/2022'),(490,'9/22/2022'),(491,'6/8/2022'),(492,'5/4/2022'),(493,'6/23/2022'),(494,'9/16/2022'),(495,'4/6/2022'),(496,'9/11/2022'),(497,'3/15/2022'),(498,'11/8/2022'),(499,'3/14/2022'),(500,'12/26/2022'),(501,'2/19/2022'),(502,'8/24/2022'),(503,'10/23/2022'),(504,'1/11/2023'),(505,'3/7/2022'),(506,'9/14/2022'),(507,'6/9/2022'),(508,'12/9/2022'),(509,'10/22/2022'),(510,'11/2/2022'),(511,'7/28/2022'),(512,'3/3/2022'),(513,'2/2/2022'),(514,'8/31/2022'),(515,'11/17/2022'),(516,'6/4/2022'),(517,'4/28/2022'),(518,'12/5/2022'),(519,'10/22/2022'),(520,'1/11/2023'),(521,'1/23/2022'),(522,'10/22/2022'),(523,'1/11/2023'),(524,'3/10/2022'),(525,'8/24/2022'),(526,'4/7/2022'),(527,'4/10/2022'),(528,'9/29/2022'),(529,'7/26/2022'),(530,'1/8/2023'),(531,'2/18/2022'),(532,'2/20/2022'),(533,'6/19/2022'),(534,'7/26/2022'),(535,'1/7/2023'),(536,'12/22/2022'),(537,'8/9/2022'),(538,'4/17/2022'),(539,'8/21/2022'),(540,'2/13/2022'),(541,'11/25/2022'),(542,'12/20/2022'),(543,'4/24/2022'),(544,'11/27/2022'),(545,'10/27/2022'),(546,'3/12/2022'),(547,'6/29/2022'),(548,'3/4/2022'),(549,'1/11/2023'),(550,'7/24/2022'),(551,'11/6/2022'),(552,'11/13/2022'),(553,'10/17/2022'),(554,'8/2/2022'),(555,'5/22/2022'),(556,'10/27/2022'),(557,'3/10/2022'),(558,'4/22/2022'),(559,'11/12/2022'),(560,'5/3/2022'),(561,'7/24/2022'),(562,'7/13/2022'),(563,'9/26/2022'),(564,'7/30/2022'),(565,'2/18/2022'),(566,'6/15/2022'),(567,'3/10/2022'),(568,'9/16/2022'),(569,'10/13/2022'),(570,'8/30/2022'),(571,'3/23/2022'),(572,'3/8/2022'),(573,'11/28/2022'),(574,'12/18/2022'),(575,'1/15/2023'),(576,'7/15/2022'),(577,'8/3/2022'),(578,'10/22/2022'),(579,'9/28/2022'),(580,'4/3/2022'),(581,'8/19/2022'),(582,'11/17/2022'),(583,'1/12/2023'),(584,'5/8/2022'),(585,'12/7/2022'),(586,'11/15/2022'),(587,'5/20/2022'),(588,'8/29/2022'),(589,'11/17/2022'),(590,'10/11/2022'),(591,'12/20/2022'),(592,'4/12/2022'),(593,'7/9/2022'),(594,'4/20/2022'),(595,'7/7/2022'),(596,'10/17/2022'),(597,'7/17/2022'),(598,'8/18/2022'),(599,'7/10/2022'),(600,'5/24/2022'),(601,'3/4/2022'),(602,'1/16/2023'),(603,'5/4/2022'),(604,'8/11/2022'),(605,'10/8/2022'),(606,'1/6/2023'),(607,'1/25/2022'),(608,'9/20/2022'),(609,'5/26/2022'),(610,'12/11/2022'),(611,'2/5/2022'),(612,'3/29/2022'),(613,'3/15/2022'),(614,'3/29/2022'),(615,'6/24/2022'),(616,'3/19/2022'),(617,'6/8/2022'),(618,'5/8/2022'),(619,'8/19/2022'),(620,'7/24/2022'),(621,'3/17/2022'),(622,'2/7/2022'),(623,'12/14/2022'),(624,'7/21/2022'),(625,'2/14/2022'),(626,'6/24/2022'),(627,'1/12/2023'),(628,'5/25/2022'),(629,'7/10/2022'),(630,'7/23/2022'),(631,'10/16/2022'),(632,'11/11/2022'),(633,'6/14/2022'),(634,'6/19/2022'),(635,'9/27/2022'),(636,'10/2/2022'),(637,'10/19/2022'),(638,'6/29/2022'),(639,'3/27/2022'),(640,'5/12/2022'),(641,'7/31/2022'),(642,'10/14/2022'),(643,'11/29/2022'),(644,'9/28/2022'),(645,'4/28/2022'),(646,'2/20/2022'),(647,'12/3/2022'),(648,'12/26/2022'),(649,'3/30/2022'),(650,'11/30/2022'),(651,'7/14/2022'),(652,'9/10/2022'),(653,'10/20/2022'),(654,'3/20/2022'),(655,'10/19/2022'),(656,'12/17/2022'),(657,'7/8/2022'),(658,'4/29/2022'),(659,'11/3/2022'),(660,'2/27/2022'),(661,'5/16/2022'),(662,'9/19/2022'),(663,'9/15/2022'),(664,'4/26/2022'),(665,'8/28/2022'),(666,'2/12/2022'),(667,'8/6/2022'),(668,'8/21/2022'),(669,'10/4/2022'),(670,'8/13/2022'),(671,'8/29/2022'),(672,'11/22/2022'),(673,'11/23/2022'),(674,'8/18/2022'),(675,'1/7/2023'),(676,'10/1/2022'),(677,'5/23/2022'),(678,'9/10/2022'),(679,'12/14/2022'),(680,'9/21/2022'),(681,'8/27/2022'),(682,'3/5/2022'),(683,'10/22/2022'),(684,'1/17/2023'),(685,'1/20/2022'),(686,'3/24/2022'),(687,'12/21/2022'),(688,'11/1/2022'),(689,'5/13/2022'),(690,'8/17/2022'),(691,'4/9/2022'),(692,'9/15/2022'),(693,'10/23/2022'),(694,'6/30/2022'),(695,'9/7/2022'),(696,'3/24/2022'),(697,'11/14/2022'),(698,'5/7/2022'),(699,'5/12/2022'),(700,'8/6/2022'),(701,'11/5/2022'),(702,'11/14/2022'),(703,'3/3/2022'),(704,'4/22/2022'),(705,'6/30/2022'),(706,'6/29/2022'),(707,'5/20/2022'),(708,'6/1/2022'),(709,'1/1/2023'),(710,'10/24/2022'),(711,'2/4/2022'),(712,'3/13/2022'),(713,'11/10/2022'),(714,'7/6/2022'),(715,'7/28/2022'),(716,'10/2/2022'),(717,'11/29/2022'),(718,'4/9/2022'),(719,'12/30/2022'),(720,'6/4/2022'),(721,'6/16/2022'),(722,'10/1/2022'),(723,'3/5/2022'),(724,'3/9/2022'),(725,'11/26/2022'),(726,'11/16/2022'),(727,'8/11/2022'),(728,'11/21/2022'),(729,'11/8/2022'),(730,'2/5/2022'),(731,'5/5/2022'),(732,'7/15/2022'),(733,'6/22/2022'),(734,'10/9/2022'),(735,'7/7/2022'),(736,'10/13/2022'),(737,'3/8/2022'),(738,'9/15/2022'),(739,'7/9/2022'),(740,'4/27/2022'),(741,'1/26/2022'),(742,'6/26/2022'),(743,'3/29/2022'),(744,'7/17/2022'),(745,'6/13/2022'),(746,'5/12/2022'),(747,'4/23/2022'),(748,'6/25/2022'),(749,'1/24/2022'),(750,'3/19/2022'),(751,'1/19/2022'),(752,'4/18/2022'),(753,'2/26/2022'),(754,'10/20/2022'),(755,'9/18/2022'),(756,'12/17/2022'),(757,'8/19/2022'),(758,'5/13/2022'),(759,'10/2/2022'),(760,'2/4/2022'),(761,'7/25/2022'),(762,'11/17/2022'),(763,'8/24/2022'),(764,'4/2/2022'),(765,'10/8/2022'),(766,'1/19/2022'),(767,'3/24/2022'),(768,'6/29/2022'),(769,'4/2/2022'),(770,'1/9/2023'),(771,'10/16/2022'),(772,'10/3/2022'),(773,'4/1/2022'),(774,'3/24/2022'),(775,'9/19/2022'),(776,'8/17/2022'),(777,'4/15/2022'),(778,'12/8/2022'),(779,'12/6/2022'),(780,'6/6/2022'),(781,'6/17/2022'),(782,'1/27/2022'),(783,'8/26/2022'),(784,'1/6/2023'),(785,'3/5/2022'),(786,'2/14/2022'),(787,'6/6/2022'),(788,'8/28/2022'),(789,'7/22/2022'),(790,'12/17/2022'),(791,'9/21/2022'),(792,'3/25/2022'),(793,'6/20/2022'),(794,'11/2/2022'),(795,'11/30/2022'),(796,'4/12/2022'),(797,'1/10/2023'),(798,'4/25/2022'),(799,'12/5/2022'),(800,'8/10/2022'),(801,'2/6/2022'),(802,'12/13/2022'),(803,'1/10/2023'),(804,'3/3/2022'),(805,'9/7/2022'),(806,'2/3/2022'),(807,'5/18/2022'),(808,'1/16/2023'),(809,'8/30/2022'),(810,'7/14/2022'),(811,'8/28/2022'),(812,'5/20/2022'),(813,'9/20/2022'),(814,'8/23/2022'),(815,'3/17/2022'),(816,'8/9/2022'),(817,'3/26/2022'),(818,'1/24/2022'),(819,'2/8/2022'),(820,'7/25/2022'),(821,'11/20/2022'),(822,'8/7/2022'),(823,'8/30/2022'),(824,'6/3/2022'),(825,'4/21/2022'),(826,'7/8/2022'),(827,'9/7/2022'),(828,'12/13/2022'),(829,'6/12/2022'),(830,'1/31/2022'),(831,'4/6/2022'),(832,'9/7/2022'),(833,'6/3/2022'),(834,'3/15/2022'),(835,'12/4/2022'),(836,'6/22/2022'),(837,'12/4/2022'),(838,'3/5/2022'),(839,'2/11/2022'),(840,'5/16/2022'),(841,'5/31/2022'),(842,'9/11/2022'),(843,'3/22/2022'),(844,'5/15/2022'),(845,'5/6/2022'),(846,'4/27/2022'),(847,'8/18/2022'),(848,'10/1/2022'),(849,'8/29/2022'),(850,'3/16/2022'),(851,'7/3/2022'),(852,'9/26/2022'),(853,'1/8/2023'),(854,'7/9/2022'),(855,'7/27/2022'),(856,'6/17/2022'),(857,'11/12/2022'),(858,'4/24/2022'),(859,'1/4/2023'),(860,'1/27/2022'),(861,'3/12/2022'),(862,'12/13/2022'),(863,'11/5/2022'),(864,'2/3/2022'),(865,'7/17/2022'),(866,'12/18/2022'),(867,'5/25/2022'),(868,'3/27/2022'),(869,'6/9/2022'),(870,'6/22/2022'),(871,'8/7/2022'),(872,'7/4/2022'),(873,'2/23/2022'),(874,'9/11/2022'),(875,'5/1/2022'),(876,'3/20/2022'),(877,'10/22/2022'),(878,'7/21/2022'),(879,'8/26/2022'),(880,'9/30/2022'),(881,'5/8/2022'),(882,'1/31/2022'),(883,'5/4/2022'),(884,'6/26/2022'),(885,'1/1/2023'),(886,'10/3/2022'),(887,'1/20/2022'),(888,'8/30/2022'),(889,'6/14/2022'),(890,'9/5/2022'),(891,'11/2/2022'),(892,'7/24/2022'),(893,'3/1/2022'),(894,'11/1/2022'),(895,'12/30/2022'),(896,'9/6/2022'),(897,'8/4/2022'),(898,'11/29/2022'),(899,'11/9/2022'),(900,'4/6/2022'),(901,'11/30/2022'),(902,'2/2/2022'),(903,'10/10/2022'),(904,'2/23/2022'),(905,'3/28/2022'),(906,'2/8/2022'),(907,'11/6/2022'),(908,'1/24/2022'),(909,'1/9/2023'),(910,'9/21/2022'),(911,'6/15/2022'),(912,'9/4/2022'),(913,'12/27/2022'),(914,'11/12/2022'),(915,'10/9/2022'),(916,'12/3/2022'),(917,'11/18/2022'),(918,'9/30/2022'),(919,'11/1/2022'),(920,'7/9/2022'),(921,'1/30/2022'),(922,'2/23/2022'),(923,'1/30/2022'),(924,'8/24/2022'),(925,'9/8/2022'),(926,'6/5/2022'),(927,'6/25/2022'),(928,'9/12/2022'),(929,'12/23/2022'),(930,'6/4/2022'),(931,'9/10/2022'),(932,'5/18/2022'),(933,'12/3/2022'),(934,'9/21/2022'),(935,'3/24/2022'),(936,'8/28/2022'),(937,'4/30/2022'),(938,'11/30/2022'),(939,'2/9/2022'),(940,'6/19/2022'),(941,'4/29/2022'),(942,'2/6/2022'),(943,'9/20/2022'),(944,'12/21/2022'),(945,'12/20/2022'),(946,'9/28/2022'),(947,'3/2/2022'),(948,'4/4/2022'),(949,'4/30/2022'),(950,'9/6/2022'),(951,'8/12/2022'),(952,'10/4/2022'),(953,'10/29/2022'),(954,'4/26/2022'),(955,'9/27/2022'),(956,'9/2/2022'),(957,'2/12/2022'),(958,'1/27/2022'),(959,'11/18/2022'),(960,'10/30/2022'),(961,'5/20/2022'),(962,'9/20/2022'),(963,'2/28/2022'),(964,'5/25/2022'),(965,'12/19/2022'),(966,'4/2/2022'),(967,'10/26/2022'),(968,'6/7/2022'),(969,'6/2/2022'),(970,'1/18/2023'),(971,'8/20/2022'),(972,'4/14/2022'),(973,'9/10/2022'),(974,'5/1/2022'),(975,'10/6/2022'),(976,'2/8/2022'),(977,'10/26/2022'),(978,'2/24/2022'),(979,'4/30/2022'),(980,'3/12/2022'),(981,'7/7/2022'),(982,'4/16/2022'),(983,'5/21/2022'),(984,'7/13/2022'),(985,'4/13/2022'),(986,'12/15/2022'),(987,'4/7/2022'),(988,'12/27/2022'),(989,'3/22/2022'),(990,'3/1/2022'),(991,'6/19/2022'),(992,'7/17/2022'),(993,'1/20/2022'),(994,'12/3/2022'),(995,'11/21/2022'),(996,'6/1/2022'),(997,'6/8/2022'),(998,'10/25/2022'),(999,'3/1/2022'),(1000,'1/2/2023');
/*!40000 ALTER TABLE `modo_pago` ENABLE KEYS */;
UNLOCK TABLES;
/*!50003 SET @saved_cs_client      = @@character_set_client */ ;
/*!50003 SET @saved_cs_results     = @@character_set_results */ ;
/*!50003 SET @saved_col_connection = @@collation_connection */ ;
/*!50003 SET character_set_client  = utf8mb4 */ ;
/*!50003 SET character_set_results = utf8mb4 */ ;
/*!50003 SET collation_connection  = utf8mb4_0900_ai_ci */ ;
/*!50003 SET @saved_sql_mode       = @@sql_mode */ ;
/*!50003 SET sql_mode              = 'ONLY_FULL_GROUP_BY,STRICT_TRANS_TABLES,NO_ZERO_IN_DATE,NO_ZERO_DATE,ERROR_FOR_DIVISION_BY_ZERO,NO_ENGINE_SUBSTITUTION' */ ;
/*!50003 SET sql_mode              = @saved_sql_mode */ ;
/*!50003 SET character_set_client  = @saved_cs_client */ ;
/*!50003 SET character_set_results = @saved_cs_results */ ;
/*!50003 SET collation_connection  = @saved_col_connection */ ;

--
-- Table structure for table `pedido`
--

DROP TABLE IF EXISTS `pedido`;
/*!40101 SET @saved_cs_client     = @@character_set_client */;
/*!50503 SET character_set_client = utf8mb4 */;
CREATE TABLE `pedido` (
  `fecha_pedido` datetime NOT NULL,
  `fecha_prevista` datetime NOT NULL,
  `fecha_entrega` datetime DEFAULT NULL,
  `estado` varchar(45) NOT NULL,
  PRIMARY KEY (`fecha_pedido`)
) ENGINE=InnoDB DEFAULT CHARSET=utf8mb3;
/*!40101 SET character_set_client = @saved_cs_client */;

--
-- Dumping data for table `pedido`
--

LOCK TABLES `pedido` WRITE;
/*!40000 ALTER TABLE `pedido` DISABLE KEYS */;
INSERT INTO `pedido` VALUES ('2021-04-17 00:00:00','2022-10-13 00:00:00',NULL,'perfecto'),('2021-04-29 00:00:00','2023-03-08 00:00:00','2022-11-13 00:00:00','decente'),('2021-06-15 00:00:00','2022-09-09 00:00:00','2022-12-19 00:00:00','perfecto'),('2021-06-28 00:00:00','2023-03-16 00:00:00','2023-01-06 00:00:00','decente'),('2021-09-21 00:00:00','2023-04-11 00:00:00','2022-09-28 00:00:00','perfecto'),('2021-11-19 00:00:00','2023-01-02 00:00:00',NULL,'decente'),('2021-11-29 00:00:00','2022-07-04 00:00:00','2023-01-12 00:00:00','perfecto'),('2021-12-11 00:00:00','2023-03-23 00:00:00','2022-05-05 00:00:00','perfecto'),('2022-03-16 00:00:00','2022-10-16 00:00:00','2022-11-13 00:00:00','decente'),('2022-03-20 00:00:00','2023-02-04 00:00:00',NULL,'perfecto');
/*!40000 ALTER TABLE `pedido` ENABLE KEYS */;
UNLOCK TABLES;

--
-- Table structure for table `producto`
--

DROP TABLE IF EXISTS `producto`;
/*!40101 SET @saved_cs_client     = @@character_set_client */;
/*!50503 SET character_set_client = utf8mb4 */;
CREATE TABLE `producto` (
  `cod_producto` int NOT NULL,
  `nombre_producto` varchar(100) CHARACTER SET utf8mb3 COLLATE utf8mb3_general_ci NOT NULL,
  `categoria_por_sexo` varchar(45) NOT NULL,
  `marca` varchar(45) NOT NULL,
  `precio` int NOT NULL,
  `color` varchar(45) NOT NULL,
  `MODO_PAGO_codigo_cuenta` int NOT NULL,
  PRIMARY KEY (`cod_producto`,`MODO_PAGO_codigo_cuenta`),
  KEY `fk_PRODUCTO_MODO_PAGO1_idx` (`MODO_PAGO_codigo_cuenta`),
  CONSTRAINT `fk_PRODUCTO_MODO_PAGO1` FOREIGN KEY (`MODO_PAGO_codigo_cuenta`) REFERENCES `modo_pago` (`codigo_cuenta`) ON DELETE RESTRICT ON UPDATE CASCADE
) ENGINE=InnoDB DEFAULT CHARSET=utf8mb3;
/*!40101 SET character_set_client = @saved_cs_client */;

--
-- Dumping data for table `producto`
--

LOCK TABLES `producto` WRITE;
/*!40000 ALTER TABLE `producto` DISABLE KEYS */;
INSERT INTO `producto` VALUES (1,'DKNY Unisex Black & Grey Printed Medium Trolley Bag','Unisex','DKNY',11745,' Black',97),(2,'EthnoVogue Women Beige & Grey Made to Measure Custom Made Kurta Set with Jacket','Women','EthnoVogue',5810,' Beige',98),(3,'SPYKAR Women Pink Alexa Super Skinny Fit High-Rise Clean Look Stretchable Cropped Jeans','Women','SPYKAR',899,' Pink',24),(4,'Raymond Men Blue Self-Design Single-Breasted Bandhgala Suit','Men','Raymond',5599,'Blue',39),(5,'Parx Men Brown & Off-White Slim Fit Printed Casual Shirt','Men','Parx',759,' White',81),(6,'SHOWOFF Men Brown Solid Slim Fit Regular Shorts','Men','SHOWOFF',791,' Brown',37),(7,'Parx Men Blue Slim Fit Checked Casual Shirt','Men','Parx',719,'Blue',55),(8,'SPYKAR Women Burgundy Alexa Super Skinny Fit High-Rise Clean Look Stretchable Ankle Jeans','Women','SPYKAR',899,' Burgundy',25),(9,'Parx Men Brown Tapered Fit Solid Regular Trousers','Men','Parx',664,' Red',37),(10,'DKNY Unisex Black Large Trolley Bag','Unisex','DKNY',17360,' Black',33),(11,'Kenneth Cole Women Navy Blue Solid Backpack','Women','Kenneth Cole',2463,'Blue',46),(12,'Parx Men Green Printed Polo Collar T-shirt','Men','Parx',629,' Green',57),(13,'Police Men To Be The King Eau De Toilette 125 ml','Men','Police',2695,'red',56),(14,'Vishudh Women Maroon Printed Kurta with Palazzos','Women','Vishudh',892,' Maroon',33),(15,'Parx Men Red Slim Fit Checked Casual Shirt','Men','Parx',752,' Red',32),(16,'Being Human Clothing Navy Printed Casual Slim Shirt','Men','Being Human',1079,' Navy',69),(17,'Homesake Gold-Toned & White Solid Handcrafted Table Lamp with Shade','Unisex','Homesake',1620,' White',25),(18,'SEJ by Nisha Gupta Set of 6 Mustard & Blue Printed Table Placemats','Unisex','SEJ by Nisha Gupta',899,'Blue',96),(19,'YAK YAK Men Camel Brown Solid Polo Collar T-shirt','Men','YAK YAK',599,' Brown',39),(20,'PARFAIT Plus Size Black Striped Non-Wired Lightly Padded T-shirt Bra P5252','Women','PARFAIT',1749,' Red',29),(21,'Michael Kors Women Sexy Amber Eau de Parfum 100ml','Women','Michael Kors',7920,'red',40),(22,'HIGHLANDER Men Mustard & Black Slim Fit Checked Casual Shirt','Men','HIGHLANDER',699,' Black',54),(23,'SEJ by Nisha Gupta Set of 6 Multicoloured Printed Table Placemats','Unisex','SEJ by Nisha Gupta',899,' Red',54),(24,'SPYKAR Women Blue Adora Skinny Fit Mid-Rise Clean Look Stretchable Ankle Jeans','Women','SPYKAR',1199,'Blue',90),(25,'JEWEL JUNCTION Gold-Toned Square Cufflinks','Men','JEWEL JUNCTION',539,' Gold',63),(26,'ID Men Tan Brown Fisherman Leather Sandals','Men','ID',2385,' Brown',6),(27,'Story@home Multicoloured Geometric 210TC Cotton 1 King Bedsheet with 2 Pillow Covers','Unisex','Story@home',1199,' Red',39),(28,'Raymond Men Blue Slim Fit Printed Formal Shirt','Men','Raymond',1079,'Blue',38),(29,'Gini and Jony Boys Navy Blue Regular Fit Solid Casual Shirt','Boys','Gini and Jony',699,'Blue',76),(30,'SEJ by Nisha Gupta Set of 6 Printed Table Placemats','Unisex','SEJ by Nisha Gupta',899,'red',66),(31,'Sera Women Blue Printed Kurta with Palazzos','Women','Sera',1437,'Blue',24),(32,'AccessHer Women Gold-Toned & Pink Gold-Plated AD-Studded Maang Tikka','Women','AccessHer',979,' Pink',43),(33,'Parx Men Blue Slim Fit Printed Casual Shirt','Men','Parx',779,'Blue',99),(34,'Alcis Women Yellow & Blue Colorblocked Tights','Women','Alcis',749,'Blue',38),(35,'ID Men Brown Leather Formal Slip-Ons','Men','ID',956,' Brown',86),(36,'Difference of Opinion Men Navy Blue Solid Round Neck T-shirt With Side Strip Detail','Men','Difference of Opinion',499,'Blue',21),(37,'Parx Men Blue Slim Fit Checked Casual Shirt','Men','Parx',769,'Blue',51),(38,'Michael Kors Extreme Blue For Men Edt 70 ml','Men','Michael Kors',4275,'Blue',9),(39,'Tokyo Talkies Women Off-White & Pink Floral Print Fit and Flare Dress','Women','Tokyo Talkies',499,' White',48),(40,'ANNA SUI Women La Vie De Boheme EDT 75ml','Women','ANNA SUI',4600,'red',64),(41,'HIGHLANDER Men Navy Blue & Maroon Slim Fit Checked Casual Shirt','Men','HIGHLANDER',699,'Blue',43),(42,'her by invictus Women Brown Solid Cushioned Mules','Women','her by invictus',1044,' Brown',75),(43,'ID Men Beige Leather Derbys','Men','ID',2685,' Beige',14),(44,'SPYKAR Women Blue Adora Skinny Fit Mid-Rise Low Distress Ankle-length Stretchable Jeans','Women','SPYKAR',1124,'Blue',72),(45,'SPYKAR Women Blue Adora Skinny Fit Mid-Rise Clean Look Ankle-Length Stretchable Jeans','Women','SPYKAR',989,'Blue',40),(46,'Soie Nude-Coloured Solid Non-Wired Non Padded Maternity Bra CB-331NUDE','Women','Soie',750,' Red',72),(47,'Lara Karen Women Black Solid Maxi Satin Skirt','Women','Lara Karen',1999,' Black',6),(48,'Gini and Jony Girls Yellow Fit and Flare Embellished Dress','Girls','Gini and Jony',1619,' Yellow',68),(49,'Story@home Off-White & Blue Geometric 210TC Cotton 1 King Bedsheet with 2 Pillow Covers','Unisex','Story@home',1199,'Blue',100),(50,'PARFAIT Plus Size Blue Solid Underwired Lightly Padded Plunge Bra 2801','Women','PARFAIT',1189,'Blue',20),(51,'Urban Dog Men Grey Solid Regular Fit Sports Shorts','Men','Urban Dog',399,' Grey',6),(52,'ahilya Sterling Silver Textured Bangle','Women','ahilya',9756,' Red',40),(53,'PARFAIT Plus Size Blue Solid Underwired Lightly Padded T-shirt Bra P5441','Women','PARFAIT',1609,'Blue',29),(54,'VASTRAMAY Boys Navy Blue & Maroon Solid Kurta with Dhoti Pants & Jacket','Boys','VASTRAMAY',1469,'Blue',8),(55,'Difference of Opinion Men Grey Melange Printed Round Neck T-shirt','Men','Difference of Opinion',499,' Grey',7),(56,'Campus Sutra Men White & Blue Regular Fit Colourblocked Casual Shirt','Men','Campus Sutra',479,'Blue',37),(57,'FIDO DIDO Men White Printed Round Neck T-shirt','Men','FIDO DIDO',449,' White',17),(58,'MIAH Decor Beige & Black Indian Art Printed Set of 4 Ceramic Bowls','Unisex','MIAH Decor',1469,' Black',45),(59,'JEWEL JUNCTION Gold-Toned Geometric Cufflinks','Men','JEWEL JUNCTION',539,' Gold',21),(60,'Vishudh Women Off-White & Green Floral Print A-Line Dress','Women','Vishudh',1299,' Green',11),(61,'Urban Dog Men Grey Printed Regular Fit Sports Shorts','Men','Urban Dog',399,' Grey',51),(62,'PARFAIT Plus Size Women Navy Blue  White Solid Low-Rise Bikini Brief PP303','Women','PARFAIT',499,'Blue',13),(63,'SEJ by Nisha Gupta Set of 6 Yellow & Blue Printed Table Placemats','Unisex','SEJ by Nisha Gupta',899,'Blue',12),(64,'ID Men Brown Leather Loafers','Men','ID',1218,' Brown',43),(65,'PARFAIT Plus Size Red Solid Underwired Lightly Padded T-shirt Bra P5391','Women','PARFAIT',1609,' Red',88),(66,'SPYKAR Women Blue Adora Skinny Fit Mid-Rise Mildly Distressed Stretchable Cropped Jeans','Women','SPYKAR',1214,'Blue',71),(67,'SPYKAR Women Blue Adora Skinny Fit Mid-Rise Clean Look Stretchable Cropped Jeans','Women','SPYKAR',899,'Blue',78),(68,'Raymond Men Blue Regular Fit Self Design Formal Shirt','Men','Raymond',1154,'Blue',45),(69,'BuckleUp Women Multicoloured Printed Belt','Women','BuckleUp',449,' Red',73),(70,'Peter England Men Black Briefs PIWBK9146012','Men','Peter England',266,' Black',39),(71,'AIGNER Men Platinum Eau De Toilette Perfume 100 ml','Men','AIGNER',3640,' Platinum',14),(72,'Gini and Jony Girls Blue Solid Jacket','Girls','Gini and Jony',1189,'Blue',31),(73,'Homesake Gold-Toned Solid Handcrafted Table Lamp with Shade','Unisex','Homesake',1836,' Gold',58),(74,'Campus Sutra Men Black Solid Round Neck Faux Leather T-shirt','Men','Campus Sutra',699,' Black',71),(75,'MIAH Decor Set of 3 Blue & Off-White Handpainted Kitchen Storage Jars with Lids','Unisex','MIAH Decor',3116,'Blue',36),(76,'Gini and Jony Girls Peach-Coloured Floral Embroidered Fit & Flare Dress','Girls','Gini and Jony',1484,' Red',77),(77,'SEJ by Nisha Gupta Blue & Green Printed Wooden Open Dry Bin','Unisex','SEJ by Nisha Gupta',999,'Blue',26),(78,'Parx Men Blue Slim Fit Checked Casual Shirt','Men','Parx',859,'Blue',6),(79,'PARFAIT Plus Size Black Lace Non-Wired Non Padded Everyday Bra P5482','Women','PARFAIT',1679,' Red',100),(80,'Parx Men Blue Slim Fit Checked Casual Shirt','Men','Parx',939,'Blue',32),(81,'Lady Lyka Women Pack of 2 Beginners Bras TEENAGER-WHT-BLK','Women','Lady Lyka',425,'red',40),(82,'SEJ by Nisha Gupta Set of 4 Multicoloured Printed Table Placemats','Unisex','SEJ by Nisha Gupta',799,' Red',36),(83,'her by invictus Women Red Cushioned Loafers','Women','her by invictus',1299,' Red',40),(84,'JEWEL JUNCTION Gold-Toned & Black Round Cufflinks','Men','JEWEL JUNCTION',539,' Black',30),(85,'PARFAIT Plus Size Black Solid Non-Wired Non Padded Sports Bra P5542','Women','PARFAIT',1749,' Red',22),(86,'her by invictus Women Tan Brown Cushioned Slip-on Shoes','Women','her by invictus',949,' Brown',72),(87,'DKNY Unisex Black Medium Trolley Bag','Unisex','DKNY',13320,' Black',7),(88,'Parx Men Yellow & Off-White Slim Fit Checked Casual Shirt','Men','Parx',647,' Yellow',25),(89,'Story@home Mauve & Grey Geometric 210 TC Cotton 1 King Bedsheet with 2 Pillow Covers','Unisex','Story@home',1799,' Grey',19),(90,'Parx Men Blue & Off-White Slim Fit Printed Casual Shirt','Men','Parx',779,'Blue',86),(91,'her by invictus Women Green Cushioned Slip-Ons','Women','her by invictus',1999,' Green',99),(92,'Park Avenue Women Blue Skinny Fit Mid-Rise Clean Look Jeans','Women','Park Avenue',569,'Blue',13),(93,'Roadster Women Black Textured Open Toe Flats','Women','Roadster',1699,' Red',6),(94,'her by invictus Women Black Textured Cushioned Flats','Women','her by invictus',944,' Red',98),(95,'U.S. Polo Assn. Denim Co. Men Navy Blue Solid Bomber Jacket','Men','U.S. Polo Assn. Denim Co.',3499,'Blue',77),(96,'SEJ by Nisha Gupta Set of 6 Pink Printed Table Placemats','Unisex','SEJ by Nisha Gupta',899,' Pink',53),(97,'Gini and Jony Girls Navy Blue Washed Denim Jacket','Girls','Gini and Jony',1329,'Blue',31),(98,'Sweet Dreams Men Navy Blue Solid Straight-Fit Trackpants','Men','Sweet Dreams',699,'Blue',25),(99,'Kazo Women Yellow Floral Print Shirt Dress','Women','Kazo',1345,' Yellow',54),(100,'Gini and Jony Boys Red & Grey Melange Solid Varsity Jacket with Applique Detail','Boys','Gini and Jony',649,' Red',7),(101,'PARFAIT Plus Size Beige Solid Underwired Lightly Padded Plunge Bra 2801','Women','PARFAIT',1189,' Red',24),(102,'Parx Men Blue Slim Fit Checked Casual Shirt','Men','Parx',839,'Blue',95),(103,'Parx Men Black & Red Slim Fit Checked Casual Shirt','Men','Parx',577,' Red',80),(104,'ID Men Tan Brown Formal Leather Oxfords','Men','ID',1432,' Brown',19),(105,'Stylo Bug Girls Turquoise Blue A-Line Dress','Girls','Stylo Bug',698,'Blue',2),(106,'PARFAIT Plus Size Women Black  Red Printed Lace Detail Hipster Brief 2805','Women','PARFAIT',899,' Red',77),(107,'MIAH Decor Set Of 5 Handcrafted Ceramic Kulladhs','Unisex','MIAH Decor',865,'red',83),(108,'JEWEL JUNCTION Gold-Toned Geometric Cufflinks','Men','JEWEL JUNCTION',539,' Gold',4),(109,'Tokyo Talkies Women Black & Red Floral Print Fit and Flare Dress','Women','Tokyo Talkies',499,' Red',96),(110,'SEJ by Nisha Gupta Set of 6 Printed Table Placemats','Unisex','SEJ by Nisha Gupta',899,'red',94),(111,'Sera Women Black Printed Loose Fit Regular Shorts','Women','Sera',547,' Black',28),(112,'Gini and Jony Boys Black & Grey Embroidered Regular Fit Shorts','Boys','Gini and Jony',839,' Red',44),(113,'AccessHer Gold-Plated & Black Multistrand Head Chain','Women','AccessHer',559,' Black',38),(114,'Bvlgari Women Splendida Iris D\'Or Eau De Parfum 100 ml','Women','Bvlgari',10950,'red',5),(115,'ahilya Sterling Silver Statement Ring','Women','ahilya',3875,' Silver',36),(116,'SPYKAR Women Blue Alexa Super Skinny Fit High-Rise Clean Look Stretchable Cropped Jeans','Women','SPYKAR',1214,'Blue',92),(117,'FIDO DIDO Men Grey & Black Printed Colourblocked Polo Collar T-shirt','Men','FIDO DIDO',599,' Black',21),(118,'Parx Men Pink Slim Fit Solid Casual Shirt','Men','Parx',739,' Pink',43),(119,'Parx Men Navy Blue Slim Fit Printed Casual Shirt','Men','Parx',739,'Blue',13),(120,'Sera Women White Self Design Top','Women','Sera',714,' White',4),(121,'Bvlgari Women Omnia Crystalline Eau De Toilette 40 ml','Women','Bvlgari',5650,'red',21),(122,'ID Men Grey Solid Thong Flip-Flops','Men','ID',1685,' Grey',61),(123,'JEWEL JUNCTION Silver-Toned Geometric Cufflinks','Men','JEWEL JUNCTION',539,' Silver',34),(124,'DKNY Unisex Gold & White Printed Cabin Trolley Bag','Unisex','DKNY',14400,' White',90),(125,'Parx Men Khaki Slim Fit Solid Regular Trousers','Men','Parx',839,' Khaki',74),(126,'Qraa Men Pack of 2 Face And Beard Wash 100gm each','Men','Qraa Men',336,'red',20),(127,'PARFAIT Plus Size Blue Lace Underwired Lightly Padded Plunge Bra P5351','Women','PARFAIT',1749,'Blue',68),(128,'Lady Lyka Women Peach and Burgundy Pack of 2 Everyday Bras ENTIZER11-PCH-WHN','Women','Lady Lyka',510,' Burgundy',47),(129,'Difference of Opinion Men Olive Green Printed Round Neck T-shirt','Men','Difference of Opinion',499,' Green',24),(130,'Michael Kors Women Eau de Toilette 50 ml','Women','Michael Kors',5715,'red',43),(131,'Homesake Gold-Toned & White Solid Handcrafted Table Lamp with Shade','Unisex','Homesake',1732,' White',54),(132,'ID Men Black Leather Formal Derbys','Men','ID',1627,' Black',86),(133,'Soie Brown Underwired Non Padded full coverage Everyday Bra FB-610CRIMSON','Women','Soie',693,' Red',62),(134,'GAS Women Navy Blue Regular Fit Mid-Rise Clean Look Stretchable Jeans','Women','GAS',3595,'Blue',78),(135,'Homesake Gold-Toned & Navy Blue Solid Handcrafted Table Lamp with Shade','Unisex','Homesake',1890,'Blue',38),(136,'HIGHLANDER Men Navy Blue & Grey Slim Fit Striped Regular Trousers','Men','HIGHLANDER',1299,'Blue',96),(137,'WITH Men Black Slim Fit Solid Casual Shirt','Men','WITH',684,' Black',31),(138,'ID Men Black Leather Formal Derbys','Men','ID',2685,' Black',26),(139,'SPYKAR Women White Alexa Super Skinny Fit High-Rise Clean Look Stretchable Ankle Jeans','Women','SPYKAR',1999,' White',77),(140,'ZUSH Plus Size Women Black Regular Fit Mid-Rise Clean Look Jeans','Women','ZUSH',1299,' Black',63),(141,'Story@home Mustard Floral 210 TC Cotton 1 King Bedsheet with 2 Pillow Covers','Unisex','Story@home',1199,' Mustard',3),(142,'DKNY Unisex Gold & White Printed Large Trolley Bag','Unisex','DKNY',16225,' White',14),(143,'Campus Sutra Men Green & Navy Blue Regular Fit Checked Casual Shirt','Men','Campus Sutra',511,'Blue',18),(144,'Campus Sutra Men Navy & Grey Melange Standard Regular Fit Colourblocked Casual Shirt','Men','Campus Sutra',1299,' Grey',65),(145,'Parx Men Blue Slim Fit Checked Casual Shirt','Men','Parx',699,'Blue',6),(146,'JBN Creation Boys Maroon & Brown Sherwani Set','Boys','JBN Creation',1154,' Brown',63),(147,'U.S. Polo Assn. Kids Boys Navy Hooded Sweatshirt','Boys','U.S. Polo Assn. Kids',1234,' Navy',92),(148,'Bvlgari Women Omnia Paraiba Eau De Toilette Perfume 65 ml','Women','Bvlgari',7000,'red',40),(149,'PARFAIT Plus Size Black Solid Underwired Lightly Padded Everyday Bra P5011','Women','PARFAIT',1819,' Red',49),(150,'PARFAIT Plus Size Beige Self Design Underwired Non Padded Minimizer Bra P5272','Women','PARFAIT',1749,' Red',63),(151,'JEWEL JUNCTION Silver-Toned Geometric Cufflinks','Men','JEWEL JUNCTION',539,' Silver',17),(152,'DKNY Unisex Black Large Trolley Bag','Unisex','DKNY',13995,' Black',4),(153,'DressBerry Off-White Sequinned Top','Women','DressBerry',699,' White',56),(154,'Parx Men Blue Slim Fit Checked Casual Shirt','Men','Parx',734,'Blue',9),(155,'BuckleUp Women Blue Textured Belt','Women','BuckleUp',449,'Blue',89),(156,'Gini and Jony Boys Black & White Regular Fit Printed Trousers','Boys','Gini and Jony',1049,' Black',94),(157,'PARFAIT Plus Size Women Lavender Lace Boy Shorts 2805','Women','PARFAIT',899,' Lavender',48),(158,'Bvlgari Goldea Women The Roman Night Eau De Parfum 75 ml','Women','Bvlgari',9750,' Gold',29),(159,'Parx Men Maroon Slim Fit Printed Casual Shirt','Men','Parx',717,' Maroon',39),(160,'ColorPlus Men Blue Regular Fit Checked Formal Trousers','Men','ColorPlus',1199,'Blue',48),(161,'Parx Men Off-White & Blue Slim Fit Printed Casual Shirt','Men','Parx',764,'Blue',40),(162,'HIGHLANDER Men Grey Slim Fit Self Design Regular Trousers','Men','HIGHLANDER',1299,' Grey',37),(163,'Parx Men Beige Slim Fit Solid Regular Trousers','Men','Parx',919,' Beige',90),(164,'Tokyo Talkies Women Green Solid Top','Women','Tokyo Talkies',699,' Green',47),(165,'BuckleUp Women Tan Textured Belt','Women','BuckleUp',449,' Red',43),(166,'SPYKAR Women Black Alexa Super Skinny Fit High-Rise Clean Look Stretchable Jeans','Women','SPYKAR',1999,' Black',31),(167,'MIAH Decor Set Of 2 Ceramic Bowls','Unisex','MIAH Decor',989,'red',12),(168,'Lakme Absolute Matte Melt Liquid Lip Color - 21 Mauve Mix 6 ml','Women','Lakme',400,' Matte',56),(169,'Campus Sutra Men Blue & White Ombre-Dyed Henley Neck T-shirt','Men','Campus Sutra',699,'Blue',57),(170,'Allen Solly Woman Women White Printed Top','Women','Allen Solly Woman',740,' White',27),(171,'Palm Tree Girls Pink Solid Bomber Jacket','Girls','Palm Tree',1499,' Pink',58),(172,'PARFAIT Plus Size Purple  Pink Lace Underwired Lightly Padded T-shirt Bra P5581','Women','PARFAIT',1189,' Red',7),(173,'Arrow Taupe Tapered Fit Formal Trousers','Men','Arrow',1169,' Red',29),(174,'JEWEL JUNCTION Silver-Toned Geometric Cufflinks','Men','JEWEL JUNCTION',539,' Silver',56),(175,'Difference of Opinion Men Mustard Yellow Solid Round Neck T-shirt with Printed Detailing','Men','Difference of Opinion',499,' Yellow',42),(176,'AccessHer Women Gold-Plated & White Kundan-Studded Flower-Shaped Nosepin','Women','AccessHer',267,' White',46),(177,'HIGHLANDER Men Grey & Black Striped Round Neck T-shirt','Men','HIGHLANDER',699,' Black',31),(178,'Lady Lyka Women Pack of 2 Beginners Bras TEENAGER-RED-WHT','Women','Lady Lyka',425,' Red',35),(179,'DKNY Unisex Silver Medium Trolley Bag','Unisex','DKNY',12375,' Silver',33),(180,'Raymond Men Green Printed Polo Collar T-shirt','Men','Raymond',944,' Green',43),(181,'Lakme Absolute Matte Melt Liquid Lip Color - 23 Pink Poison 6 ml','Women','Lakme',400,' Pink',18),(182,'Lakme Absolute Mattreal Mousse Concealer - Caramel 04 9 g','Women','Lakme',480,'red',26),(183,'DAVID BECKHAM Men Respect Eau De Toilette 90 ml','Men','DAVID BECKHAM',1740,'red',24),(184,'AccessHer Gold-Toned & Yellow Classic Drop Earrings','Women','AccessHer',540,' Yellow',60),(185,'MANGO Women Black & Yellow Floral Print Layered Top','Women','MANGO',1596,' Red',2),(186,'Park Avenue Women Maroon Self Design Top','Women','Park Avenue',569,' Maroon',69),(187,'ahilya Maroon Gold-Plated Sterling Silver Hoop Earrings','Women','ahilya',5998,' Maroon',12),(188,'AccessHer Gold-Plated & Black Beaded Mangalsutra','Women','AccessHer',320,' Black',84),(189,'Lady Lyka Women Beige and White Pack of 2 Beginners Bras ATHLETE-SKN-WHT-Multi','Women','Lady Lyka',425,' White',73),(190,'Story@home Blue & Pink Floral 210 TC Cotton 1 King Bedsheet with 2 Pillow Covers','Unisex','Story@home',1199,'Blue',35),(191,'Urban Dog Men Charcoal Black Printed Regular Fit Sports Shorts','Men','Urban Dog',399,' Black',94),(192,'ID Men Beige Solid Leather Mid-Top Flat Boots','Men','ID',3285,' Beige',54),(193,'Carrera Men Tan Brown Flat Boots','Men','Carrera',5299,' Brown',77),(194,'Story@home Olive Green & Grey Geometric 210 TC Cotton 1 King Bedsheet with 2 Pillow Covers','Unisex','Story@home',1399,' Green',69),(195,'Campus Sutra Men Red & Black Standard Regular Fit Checked Casual Shirt','Men','Campus Sutra',699,' Red',67),(196,'Gini and Jony Boys Black Regular Fit Solid Chinos','Boys','Gini and Jony',839,' Black',27),(197,'Story@home Green & White Floral 210 TC Cotton 1 King Bedsheet with 2 Pillow Covers','Unisex','Story@home',1199,' Green',63),(198,'DKNY Unisex Maroon Solid Leather Backpack with Pouch','Unisex','DKNY',9765,' Maroon',78),(199,'Parx Men Khaki Tapered Fit Solid Regular Trousers','Men','Parx',804,' Red',28),(200,'Soie Green Self Design Underwired Non Padded Everyday Bra FB-610','Women','Soie',728,' Green',72),(201,'Raymond Men Maroon Striped Polo Collar T-shirt','Men','Raymond',999,' Maroon',58),(202,'Lakme Absolute Matte Melt Liquid Lip Color - 15 Rose Love 6 ml','Women','Lakme',400,' Matte',21),(203,'Gini and Jony Girls Navy Blue Denim Striped Pinafore Dress','Girls','Gini and Jony',1539,'Blue',37),(204,'PARFAIT Plus Size Black Solid Underwired Lightly Padded Everyday Bra 4815','Women','PARFAIT',1609,' Red',26),(205,'Parx Men White & Blue Slim Fit Printed Casual Shirt','Men','Parx',639,'Blue',71),(206,'Urban Dog Men Black Printed Regular Fit Sports Shorts','Men','Urban Dog',399,' Black',51),(207,'Campus Sutra Men Blue Standard Regular Fit Checked Casual Shirt','Men','Campus Sutra',599,'Blue',52),(208,'EthnoVogue Women Coral Pink & Orange Printed Made to Measure Printed Maxi Dress','Women','EthnoVogue',4573,' Pink',51),(209,'PARFAIT Plus Size Black Solid Underwired Lightly Padded T-shirt Bra 4812','Women','PARFAIT',1609,' Red',87),(210,'Lady Lyka Women Brown and Grey Pack of 2 Everyday Bras COULOUR-POP-BRN-GRY','Women','Lady Lyka',425,' Brown',47),(211,'PARFAIT Plus Size Women Navy Blue Solid Hipster Brief P5645','Women','PARFAIT',899,'Blue',65),(212,'Tokyo Talkies Women Burgundy Solid Top','Women','Tokyo Talkies',293,' Burgundy',15),(213,'Parx Men Blue & Yellow Slim Fit Checked Casual Shirt','Men','Parx',839,'Blue',80),(214,'ROMEE Grey & Red Floral AC Room 300 GSM Single Bed Dohar','Unisex','ROMEE',1999,' Red',81),(215,'ZUSH Plus Size Women Black Regular Fit Mid-Rise Clean Look Jeans','Women','ZUSH',1249,' Black',58),(216,'Lady Lyka Women Maroon and Beige Pack of 2 Everyday Bras MONALISA-MRN-SKN-Multi','Women','Lady Lyka',593,' Beige',35),(217,'TAYHAA White Solid Rectangular Photo Frame','Unisex','TAYHAA',350,' White',17),(218,'Gini and Jony Boys Navy Blue Slim Fit Printed Regular Trousers','Boys','Gini and Jony',1189,'Blue',20),(219,'Ishin Women Red & Gold-Toned Hem Design Wide Leg Palazzos','Women','Ishin',524,' Red',63),(220,'Shoe Couture Women White & Black Applique Detail Sneakers','Women','Shoe Couture',1214,' Black',29),(221,'MIAH Decor Multicoloured Coffee Mugs Cum Serving Tea Cups Set','Unisex','MIAH Decor',974,' Red',41),(222,'Parx Men Red & Blue Slim Fit Checked Casual Shirt','Men','Parx',779,'Blue',74),(223,'WITH Men Pack of 2 Printed Pure Cotton Boxers WB43-WB54','Men','WITH',612,'red',63),(224,'PARFAIT Plus Size Red Lace Underwired Non Padded Everyday Bra P5392','Women','PARFAIT',1679,' Red',46),(225,'PARFAIT Plus Size Women Navy Blue  White Solid Bikini Briefs PP503','Women','PARFAIT',499,'Blue',42),(226,'HARBORNBAY Men Navy Blue & Grey Striped Henley Neck T-shirt','Men','HARBORNBAY',448,'Blue',13),(227,'Difference of Opinion Men Black Printed Round Neck T-shirt','Men','Difference of Opinion',499,' Black',61),(228,'SPYKAR Women Blue Alicia Super Skinny Fit Low-Rise Clean Look Stretchable Cropped Jeans','Women','SPYKAR',989,'Blue',37),(229,'Parx Men Blue Slim Fit Self Design Regular Trousers','Men','Parx',879,'Blue',40),(230,'Lady Lyka Women Beige and White Pack of 2 Everyday Bras SONAL-SKN-WHT-Multi','Women','Lady Lyka',678,' White',31),(231,'Gini and Jony Boys Navy Blue Dyed Printed Round Neck T-shirt','Boys','Gini and Jony',699,'Blue',89),(232,'Palm Tree Girls Cream-Coloured & Yellow Floral Print A-Line Dress with Belt','Girls','Palm Tree',629,' Red',51),(233,'Raymond Men Grey Slim Fit Solid Formal Trousers','Men','Raymond',1299,' Grey',26),(234,'JEWEL JUNCTION Gold-Toned Geometric Cufflinks','Men','JEWEL JUNCTION',539,' Gold',2),(235,'Story@home Multicoloured Geometric 210TC Cotton 1 King Bedsheet with 2 Pillow Covers','Unisex','Story@home',1399,' Red',64),(236,'Palm Tree Boys White & Grey Printed Polo Collar T-shirt','Boys','Palm Tree',629,' White',90),(237,'SPYKAR Women Blue Elissa Bootcut High-Rise Clean Look Stretchable Ankle Jeans','Women','SPYKAR',1099,'Blue',99),(238,'ID Men Beige Leather Derbys','Men','ID',2985,' Beige',12),(239,'Keds Women Multicoloured Iridescent Effect Slip-On Sneakers','Women','Keds',3899,' Red',43),(240,'Parx Men Blue Slim Fit Colourblocked Casual Shirt','Men','Parx',759,'Blue',101),(241,'Parx Men Grey Solid Sweater','Men','Parx',944,' Grey',5),(242,'Homesake Gold-Toned & Navy Blue Solid Handcrafted Table Lamp with Shade','Unisex','Homesake',1732,'Blue',30),(243,'Parx Men Grey Slim Fit Printed Casual Shirt','Men','Parx',759,' Grey',44),(244,'SEJ by Nisha Gupta Blue & Pink Printed Wooden Open Dry Bin','Unisex','SEJ by Nisha Gupta',999,'Blue',90),(245,'Rozia Women Hair Dryer HC8307','Women','Rozia',1091,'red',86),(246,'ID Men Olive Green Leather Derbys','Men','ID',2985,' Green',47),(247,'Gini and Jony Girls Blue Printed Round Neck T-shirt','Girls','Gini and Jony',629,'Blue',2),(248,'her by invictus Women Red Cushioned Slip-Ons','Women','her by invictus',944,' Red',96),(249,'HARBORNBAY Women Red & Silver Printed Round Neck T-shirt','Women','HARBORNBAY',401,' Red',23),(250,'Aj DEZInES Boys Red Printed Kurta with Pyjamas','Boys','Aj DEZInES',389,' Red',65),(251,'Gini and Jony Boys Blue Regular Fit Mid-Rise Clean Look Stretchable Jeans','Boys','Gini and Jony',979,'Blue',65),(252,'AccessHer Gold-Plated & Blue Geometric Drop Earrings','Women','AccessHer',443,'Blue',60),(253,'Monte Carlo Women Navy Blue Skinny Fit Mid-Rise Clean Look Jeans','Women','Monte Carlo',1501,'Blue',89),(254,'Lady Lyka Women Pack of 2 Beginners Bras TEENAGER-SKN-BLK','Women','Lady Lyka',425,'red',88),(255,'ID Men Tan Brown Comfort Sandals','Men','ID',1785,' Brown',81),(256,'Parx Men Khaki Slim Fit Solid Regular Trousers','Men','Parx',839,' Khaki',51),(257,'PARFAIT Plus Size Nude-Coloured Solid Underwired Lightly Padded Balconette Bra P5011','Women','PARFAIT',1819,' Red',90),(258,'Lady Lyka Women Black and Beige Pack of 2 Everyday Bras MONALISA-BLK-SKN','Women','Lady Lyka',593,' Black',99),(259,'PARFAIT Plus Size Beige Solid Underwired Lightly Padded Plunge Bra P5490','Women','PARFAIT',1679,' Red',59),(260,'Gini and Jony Boys Blue Slim Fit Mid-Rise Clean Look Jeans','Boys','Gini and Jony',1019,'Blue',57),(261,'ahilya Imperial Filigree Collection Gold-Plated Sterling Silver Drop Earrings','Women','ahilya',6120,' Gold',28),(262,'Parx Men White Printed Polo Collar T-shirt','Men','Parx',679,' White',63),(263,'Parx Men Navy Blue Slim Fit Printed Casual Shirt','Men','Parx',719,'Blue',89),(264,'SPYKAR Women Blue Alexa Super Skinny Fit High-Rise Clean Look Stretchable Jeans','Women','SPYKAR',999,'Blue',71),(265,'SEJ by Nisha Gupta Mustard & Blue Printed Wooden Open Dry Bin','Unisex','SEJ by Nisha Gupta',999,'Blue',29),(266,'SEJ by Nisha Gupta Orange & Pink Printed Wooden Open Dry Bin','Unisex','SEJ by Nisha Gupta',999,' Pink',14),(267,'Tokyo Talkies Women Teal Floral Printed Peplum Top','Women','Tokyo Talkies',699,'red',7),(268,'JEWEL JUNCTION Silver-Toned Geometric Cufflinks','Men','JEWEL JUNCTION',539,' Silver',64),(269,'Gini and Jony Girls Chambray Blue & White Printed Chambray Top with Shorts','Girls','Gini and Jony',1469,'Blue',94),(270,'Bvlgari Women Rose Goldea Eau De Perfume 90 ml','Women','Bvlgari',10950,' Gold',28),(271,'Urban Dog Men Navy Blue Printed Regular Fit Sports Shorts','Men','Urban Dog',399,'Blue',60),(272,'HIGHLANDER Men Purple & Beige Slim Fit Printed Casual Shirt','Men','HIGHLANDER',699,' Beige',55),(273,'VASTRAMAY Boys Brown & Blue Solid Kurta with Churidar & Jacket','Boys','VASTRAMAY',1469,'Blue',51),(274,'DKNY Unisex Black & Grey Printed Cabin Trolley Bag','Unisex','DKNY',10800,' Black',74),(275,'SEJ by Nisha Gupta Set of 4 Green & Blue Printed Table Placemats','Unisex','SEJ by Nisha Gupta',799,'Blue',95),(276,'Palm Tree Girls Burgundy Printed Round Neck T-shirt','Girls','Palm Tree',349,' Burgundy',35),(277,'Bvlgari Splendida Women Rose Eau De Parfum 50 ml','Women','Bvlgari',7650,' Rose',11),(278,'Parx Men Pink & Blue Striped Polo Collar T-shirt','Men','Parx',559,'Blue',92),(279,'even Men Grey Woven Design Nehru Jacket','Men','even',1039,' Grey',19),(280,'PARFAIT Plus Size Beige Solid Underwired Lightly Padded T-shirt Bra 4812','Women','PARFAIT',1609,' Red',86),(281,'ID Men Tan Brown Solid Comfort Leather Sandals','Men','ID',1785,' Brown',40),(282,'Parx Men White & Orange Slim Fit Checked Casual Shirt','Men','Parx',699,' White',14),(283,'ether Women Maroon Solid Suede Finish Open Toe Flats','Women','ether',1399,' Maroon',60),(284,'Crimsoune Club Men Orange & White Slim Fit Checked Casual Shirt','Men','Crimsoune Club',1599,' White',4),(285,'SEJ by Nisha Gupta Red & Blue Printed Wooden Open Dry Bin','Unisex','SEJ by Nisha Gupta',999,'Blue',33),(286,'Urban Dog Men Navy Blue Solid Regular Fit Sports Shorts','Men','Urban Dog',399,'Blue',27),(287,'Carrera Men Grey Sneakers','Men','Carrera',4499,' Grey',33),(288,'Aj DEZInES Boys Peach-Coloured & Brown Solid Kurta with Pyjamas','Boys','Aj DEZInES',539,' Red',98),(289,'PARFAIT Plus Size Beige Solid Underwired Lightly Padded Everyday Bra 6901','Women','PARFAIT',1609,' Red',100),(290,'JEWEL JUNCTION Men Silver-Toned & Blue Geometric Cufflinks','Men','JEWEL JUNCTION',539,'Blue',94),(291,'Gini and Jony Boys Grey & White Embroidered Round Neck T-shirt with Applique Detail','Boys','Gini and Jony',489,' Red',16),(292,'JEWEL JUNCTION Men Gold-Toned Geometric Cufflinks','Men','JEWEL JUNCTION',539,' Gold',28),(293,'Homesake Gold-Toned & White Solid Handcrafted Table Lamp with Shade','Unisex','Homesake',1836,' White',58),(294,'U.S. Polo Assn. Kids Boys Yellow Hooded Sweatshirt','Boys','U.S. Polo Assn. Kids',899,' Yellow',7),(295,'HIGHLANDER Men White & Grey Slim Fit Striped Casual Shirt','Men','HIGHLANDER',699,' White',16),(296,'SEJ by Nisha Gupta Set of 4 Multicoloured Printed Table Placemats','Unisex','SEJ by Nisha Gupta',799,' Red',11),(297,'her by invictus Women Black Solid Cushioned Smart Casual Derbys','Women','her by invictus',1999,' Black',61),(298,'Lakme 9To5 Eye Quartet Eyeshadow - Royal Peacock 7 g','Women','Lakme',520,'red',63),(299,'Homesake Gold-Toned & Red Solid Handcrafted Table Lamp with Shade','Unisex','Homesake',1620,' Red',6),(300,'SPYKAR Women Blue Adora Skinny Fit High-Rise Low Distressed Stretchable Ankle Jeans','Women','SPYKAR',1079,'Blue',64),(301,'Russell Athletic Black Printed Hooded Sweatshirt','Women','Russell Athletic',2999,' Black',95),(302,'Gini and Jony Girls Peach-Coloured & Blue Embroidered Top','Girls','Gini and Jony',559,'Blue',56),(303,'Sera Women Green & Blue Printed Kurta with Palazzos','Women','Sera',1317,'Blue',39),(304,'MIMOSA Navy Blue & Red Art Silk Woven Design Kanjeevaram Saree','Women','MIMOSA',1195,'Blue',5),(305,'Kazo Women Green Smocked Peplum Top','Women','Kazo',1690,' Green',8),(306,'Gini and Jony Girls Blue Regular Fit Mid-Rise Clean Look Stretchable Jeans','Girls','Gini and Jony',699,'Blue',89),(307,'SEJ by Nisha Gupta Pink & Black Printed Wooden Open Dry Bin','Unisex','SEJ by Nisha Gupta',999,' Black',30),(308,'Goldea Edp 90Ml','Women','Bvlgari',10950,' Gold',72),(309,'Vishudh Women Mustard Orange & Pink Floral Print Maxi Dress','Women','Vishudh',1999,' Pink',89),(310,'Gini and Jony Boys Navy Blue Regular Fit Mid-Rise Clean Look Stretchable Jeans','Boys','Gini and Jony',1049,'Blue',82),(311,'Puma Men Blue Sneakers','Men','Puma',1799,'Blue',57),(312,'Raymond Men Grey Solid Single-Breasted Formal Blazer','Men','Raymond',3149,' Grey',24),(313,'ahilya Sterling Silver Bangle','Women','ahilya',4220,' Silver',99),(314,'ID Men Tan Brown Leather Loafers','Men','ID',1218,' Brown',29),(315,'MIAH Decor Brown Set of 3 Printed Ceramic Art Storage Jar','Unisex','MIAH Decor',3116,' Brown',48),(316,'ether Women Beige Solid Open Toe Flats','Women','ether',599,' Beige',29),(317,'Peter England Men Pink & Blue Striped Briefs PIWBPH9186011','Men','Peter England',266,'Blue',86),(318,'Campus Sutra Men Maroon Ombre-Dyed Henley Neck T-shirt','Men','Campus Sutra',699,' Maroon',13),(319,'Parx Men Cream-Coloured Tapered Fit Solid Regular Trousers','Men','Parx',959,' Red',89),(320,'Parx Men Blue Slim Fit Checked Casual Shirt','Men','Parx',679,'Blue',92),(321,'AIGNER Men Blue Eau de Toilette 125 ml','Men','AIGNER',4350,'Blue',46),(322,'SPYKAR Women Black Alexa Super Skinny Fit High-Rise Clean Look Stretchable Ankle Jeans','Women','SPYKAR',1214,' Black',29),(323,'Campus Sutra Men Blue Colourblocked Round Neck T-shirt','Men','Campus Sutra',699,'Blue',32),(324,'Campus Sutra Men Blue & Black Standard Regular Fit Checked Casual Shirt','Men','Campus Sutra',449,'Blue',11),(325,'Gini and Jony Girls Red Printed Regular Fit Shorts','Girls','Gini and Jony',559,' Red',54),(326,'Gini and Jony Girls Peach-Coloured Embroidered Top','Girls','Gini and Jony',419,' Red',5),(327,'Soie Black Solid Non-Wired Non Padded Everyday Bra CB-332BLACK','Women','Soie',552,' Red',10),(328,'Parx Men Red & Black Slim Fit Printed Casual Shirt','Men','Parx',639,' Red',85),(329,'ether Women Green Solid Open Toe Flats','Women','ether',1199,' Green',72),(330,'Difference of Opinion Men Black Solid Round Neck T-shirt with Side Stripes','Men','Difference of Opinion',499,' Black',77),(331,'Blackberrys Black Single-Breasted Slim Fit Formal Blazer','Men','Blackberrys',3597,' Black',33),(332,'Difference of Opinion Men Navy Blue Printed Round Neck T-shirt','Men','Difference of Opinion',499,'Blue',90),(333,'MIAH Decor Off-White & Green Set of 2 Handpainted Ceramic Coffee Mugs','Unisex','MIAH Decor',1079,' Green',100),(334,'Campus Sutra Men Grey & Blue Regular Fit Checked Casual Shirt','Men','Campus Sutra',599,'Blue',55),(335,'SEJ by Nisha Gupta Set of 6 Multicoloured Printed Table Placemats','Unisex','SEJ by Nisha Gupta',899,' Red',49),(336,'PARFAIT Plus Size Black Lace Underwired Non Padded Everyday Bra 3102','Women','PARFAIT',1749,' Red',100),(337,'Parx Men Red Slim Fit Checked Casual Shirt','Men','Parx',949,' Red',8),(338,'HIGHLANDER Men Navy Blue & Grey Slim Fit Striped Regular Trousers','Men','HIGHLANDER',1299,'Blue',81),(339,'Story@home Beige Floral 210 TC Cotton 1 King Bedsheet with 2 Pillow Covers','Unisex','Story@home',1399,' Beige',39),(340,'Parx Men Grey Striped Sweater','Men','Parx',559,' Grey',15),(341,'Playdate Girls Black Striped Top','Girls','Playdate',659,' Black',9),(342,'Parx Men Red & Navy Blue Slim Fit Checked Casual Shirt','Men','Parx',854,'Blue',60),(343,'Difference of Opinion Men Olive Green Solid Round Neck T-shirt With Side Strip Detail','Men','Difference of Opinion',499,' Green',56),(344,'Rocia Women Black & Silver-Toned Wedges','Women','Rocia',1512,' Black',97),(345,'DAVID BECKHAM Men Beyond Eau De Toilette 90 ml','Men','DAVID BECKHAM',1740,'red',58),(346,'JEWEL JUNCTION Gold-Toned Rectangle Cufflinks','Men','JEWEL JUNCTION',539,' Gold',14),(347,'ID Men Tan Brown Leather Sneakers','Men','ID',2685,' Brown',81),(348,'JEWEL JUNCTION Silver-Toned Quirky Cufflinks','Men','JEWEL JUNCTION',539,' Silver',85),(349,'SEJ by Nisha Gupta Green & Blue Printed Wooden Open Dry Bin','Unisex','SEJ by Nisha Gupta',999,'Blue',63),(350,'MIAH Decor Multicoloured Kitchen Storage Jar with Lid','Unisex','MIAH Decor',1199,' Red',17),(351,'AccessHer Gold-Plated Embellished Nose Ring with Chain','Women','AccessHer',559,' Gold',27),(352,'Marvel by Wear Your Mind Boys White Printed Round Neck T-shirt','Boys','Marvel by Wear Your Mind',549,' White',46),(353,'Palm Tree Boys Blue Regular Fit Washed Chambray Shirt','Boys','Palm Tree',839,'Blue',24),(354,'HIGHLANDER Men Coral & White Slim Fit Checked Casual Shirt','Men','HIGHLANDER',699,' White',34),(355,'Parx Men Mauve Slim Fit Printed Casual Shirt','Men','Parx',594,'red',74),(356,'ID Men Black Solid Leather Thong Flip-Flops','Men','ID',1195,' Black',54),(357,'Park Avenue Women Blue Solid Single-Breasted Blazer','Women','Park Avenue',1439,'Blue',91),(358,'Gini and Jony Girls Pink & White Printed Top','Girls','Gini and Jony',629,' White',19),(359,'Difference of Opinion Men Grey Printed Round Neck T-shirt','Men','Difference of Opinion',499,' Grey',90),(360,'Gini and Jony Boys Black Slim Fit Printed Regular Trousers','Boys','Gini and Jony',1329,' Black',95),(361,'HIGHLANDER Men White & Blue Slim Fit Checked Casual Shirt','Men','HIGHLANDER',699,'Blue',42),(362,'Parx Men Blue Slim Fit Checked Casual Shirt','Men','Parx',752,'Blue',16),(363,'ID Men Navy Blue Solid Leather Mid-Top Sneakers','Men','ID',1286,'Blue',46),(364,'Urban Dog Men Charcoal Printed Regular Fit Sports Shorts','Men','Urban Dog',399,' Charcoal',74),(365,'Annabelle By Pantaloons Off-White Sleeveless Top','Women','Annabelle by Pantaloons',999,' White',58),(366,'Park Avenue Men Red Solid Jacket','Men','Park Avenue',1749,' Red',2),(367,'Lady Lyka Women Fuschia and Turquoise Blue Pack of 2 T-shirt Bras HAPPY-MOODS-FCA-SKY','Women','Lady Lyka',848,'Blue',98),(368,'AccessHer Women Gold-Plated American Diamond & Ruby Studded Jewelry Set','Women','AccessHer',4880,' Gold',47),(369,'Homesake Gold-Toned Solid Handcrafted Table Lamp with Shade','Unisex','Homesake',1620,' Gold',4),(370,'Sera Women Sea Green & Maroon Printed Kurta with Palazzos','Women','Sera',1317,' Green',19),(371,'ether Women Black Solid Slip-Ons','Women','ether',559,' Black',101),(372,'SEJ by Nisha Gupta Set of 6 Yellow & Multicoloured Printed Table Placemats','Unisex','SEJ by Nisha Gupta',899,' Red',50),(373,'AccessHer Gold-Plated & Red Meenakari Maang Tika','Women','AccessHer',845,' Red',88),(374,'Sera Women Yellow & Off-White Printed Kurta with Palazzos','Women','Sera',1477,' Yellow',38),(375,'TAYHAA Black & White Square Photo Frame','Unisex','TAYHAA',450,' Black',89),(376,'Park Avenue Women Blue Solid A-Line Top','Women','Park Avenue',509,'Blue',37),(377,'her by invictus Women Pink Solid Cushioned Smart Casual Derbys','Women','her by invictus',1999,' Pink',25),(378,'Palm Tree Boys Off-White & Grey Printed Polo Collar T-shirt','Boys','Palm Tree',419,' White',5),(379,'berrytree Girls Pink A-Line Organic Cotton Sustainable Dress','Girls','berrytree',499,' Pink',13),(380,'SIMON CARTER LONDON Men Blue & Pink Slim Fit Printed Casual Shirt','Men','SIMON CARTER LONDON',1019,'Blue',76),(381,'MIAH Decor Multicoloured Set Of 6 Printed Khullad Cups','Unisex','MIAH Decor',865,' Red',76),(382,'Parx Men Grey Solid Sweater','Men','Parx',804,' Grey',10),(383,'DKNY Unisex Black Medium Trolley Bag','Unisex','DKNY',24800,' Black',49),(384,'Gini and Jony Boys Blue Slim Fit Mid-Rise Clean Look Stretchable Jeans','Boys','Gini and Jony',1329,'Blue',7),(385,'SEJ by Nisha Gupta Set of 4 Printed Table Placemats','Unisex','SEJ by Nisha Gupta',799,'red',18),(386,'ID Men Black Leather Formal Slip-Ons','Men','ID',1192,' Black',99),(387,'Soie Women Black Slim Fit Striped Cigarette Trousers','Women','Soie',1112,' Black',37),(388,'ID Men Brown Leather Loafers','Men','ID',2685,' Brown',79),(389,'MIAH Decor Off-White & Navy Blue Set of 2 Handpainted Ceramic Coffee Mugs','Unisex','MIAH Decor',1079,'Blue',28),(390,'DKNY Unisex Purple Medium Trolley Bag','Unisex','DKNY',24800,' Purple',55),(391,'EthnoVogue Women Coral Pink & Yellow Printed Made to Measure Printed Maxi Dress','Women','EthnoVogue',6289,' Yellow',33),(392,'SPYKAR Women Blue Alicia Super Skinny Fit Low-Rise Low Distress Stretchable Jeans','Women','SPYKAR',2399,'Blue',68),(393,'SEJ by Nisha Gupta Pink & Green Printed Wooden Open Dry Bin','Unisex','SEJ by Nisha Gupta',999,' Green',76),(394,'Vishudh Women Off-White & Brown Floral Printed Kurta','Women','Vishudh',1299,' White',65),(395,'Parx Men White Slim Fit Printed Casual Shirt','Men','Parx',822,' White',48),(396,'Soie Nude-Coloured lace Underwired Non Padded full coverage Everyday Bra FB-610','Women','Soie',728,' Red',89),(397,'Parx Men Khaki Slim Fit Solid Regular Trousers','Men','Parx',769,' Khaki',2),(398,'Soie Green lace Underwired Non Padded full coverage Everyday Bra FB-610','Women','Soie',693,' Green',42),(399,'Gini and Jony Boys Rust Red & Navy Striped Round Neck T-shirt','Boys','Gini and Jony',299,' Red',52),(400,'Tokyo Talkies Women Mustard Solid Top','Women','Tokyo Talkies',699,' Mustard',53),(401,'Parx Men Blue Striped Polo Collar T-shirt','Men','Parx',384,'Blue',99),(402,'DKNY Women Nectar Love Eau de Toilette 50 ml','Women','DKNY',2860,'red',37),(403,'Raymond Men Maroon Slim Fit Solid Formal Shirt','Men','Raymond',769,' Maroon',60),(404,'Campus Sutra Men Black & Grey Melange Printed Round Neck T-shirt','Men','Campus Sutra',699,' Black',36),(405,'Parx Men White Printed Round Neck T-shirt','Men','Parx',349,' White',46),(406,'Vishudh Women Blue & White Floral Embroidered Straight Kurta','Women','Vishudh',412,'Blue',75),(407,'FIDO DIDO Men Navy Blue Printed Polo Collar T-shirt','Men','FIDO DIDO',1299,'Blue',14),(408,'Gini and Jony Boys Blue Regular Fit Solid Casual Shirt','Boys','Gini and Jony',649,'Blue',58),(409,'her by invictus Women Black Textured Cushioned Flats','Women','her by invictus',1999,' Red',13),(410,'Soie Nude Lace Non-Wired Non Padded full coverage Everyday Bra FB-705nude','Women','Soie',988,' Red',51),(411,'HIGHLANDER Men White & Blue Slim Fit Striped Casual Shirt','Men','HIGHLANDER',699,'Blue',91),(412,'ID Men Brown Solid Leather Mid-Top Sneakers','Men','ID',1286,' Brown',98),(413,'Raymond Men Yellow Solid Polo Collar T-shirt','Men','Raymond',999,' Yellow',76),(414,'PARFAIT Plus Size Black Solid Non-Wired Non Padded Everyday Bra P5641','Women','PARFAIT',1609,' Red',43),(415,'PARFAIT Plus Size Women Navy Blue Solid Low-Rise Hipsters P5395','Women','PARFAIT',999,'Blue',16),(416,'Beli Women Black & Blue Woven Design Heels','Women','Beli',849,'Blue',47),(417,'Lady Lyka Women Pack of 2 Beginners Bras TEENAGER-RED-SKN','Women','Lady Lyka',425,' Red',21),(418,'Homesake Gold-Toned & White Solid Handcrafted Table Lamp with Shade','Unisex','Homesake',1890,' White',99),(419,'HIGHLANDER Men Coral & Navy Blue Slim Fit Checked Casual Shirt','Men','HIGHLANDER',699,'Blue',89),(420,'Parx Men Grey Slim Fit Printed Casual Shirt','Men','Parx',779,' Grey',33),(421,'Raymond Men Brown Self Design Polo Collar T-shirt','Men','Raymond',892,' Brown',48),(422,'Blackberrys Navy Single-Breasted Slim Fit Formal Blazer','Men','Blackberrys',2997,' Black',4),(423,'HIGHLANDER Men Rust Slim Fit Printed Casual Shirt','Men','HIGHLANDER',699,'red',52),(424,'SEJ by Nisha Gupta Set of 4 Printed Table Placemats','Unisex','SEJ by Nisha Gupta',799,'red',68),(425,'ahilya Gold-Plated Sterling Silver Hoop Earrings','Women','ahilya',8356,' Gold',76),(426,'Parx Men Blue Slim Fit Checked Casual Shirt','Men','Parx',752,'Blue',61),(427,'Parx Men Peach-Coloured Solid Round Neck T-shirt','Men','Parx',489,' Red',70),(428,'DKNY Unisex Silver Cabin Trolley Bag','Unisex','DKNY',13365,' Silver',2),(429,'Soie Maroon Lace Non-Wired Non Padded full coverage Everyday Bra FB-705','Women','Soie',988,' Red',56),(430,'Roadster Women Beige Woven Design One Toe Flats','Women','Roadster',1199,' Beige',4),(431,'SPYKAR Women Blue Adora Skinny Fit Mid-Rise Low Distress Stretchable Ankle-Length Jeans','Women','SPYKAR',1079,'Blue',22),(432,'Gini and Jony Boys White & Grey Dyed Round Neck T-shirt','Boys','Gini and Jony',559,' White',96),(433,'Michael Kors Women Wonderlust Sensual Essence Eau De Parfum Spray 100 ml','Women','Michael Kors',7920,'red',61),(434,'Homesake Gold-Toned & Navy Blue Solid Handcrafted Table Lamp with Shade','Unisex','Homesake',1890,'Blue',76),(435,'Gini and Jony Girls Yellow & Grey Printed Top with Shorts','Girls','Gini and Jony',419,' Yellow',37),(436,'Story@home Off-White & Olive Green Floral 210 TC Cotton 1 KingBedsheet with 2 Pillow Covers','Unisex','Story@home',1399,' Green',68),(437,'Police Men Imperial Patchouli Eau de Toilette 100 ml','Men','Police',2095,'red',89),(438,'Homesake Red & Gold-Toned Solid Handcrafted Table Lamp with Shade','Unisex','Homesake',1732,' Red',1),(439,'Brown Solid Casual Jacket','Men','U.S. Polo Assn. Denim Co.',3499,' Brown',77),(440,'JEWEL JUNCTION Gold-Toned Geometric Cufflinks','Men','JEWEL JUNCTION',539,' Gold',43),(441,'Campus Sutra Men Grey & Black Standard Regular Fit Checked Casual Shirt','Men','Campus Sutra',479,' Black',84),(442,'Raymond Men Grey & Blue Striped Polo Collar T-shirt','Men','Raymond',1249,'Blue',72),(443,'Parx Men Navy Blue & Green Slim Fit Printed Casual Shirt','Men','Parx',959,'Blue',64),(444,'Nautica Men Voyage Sport Eau De Toilette 100 ml','Men','Nautica',1830,'red',98),(445,'Gini and Jony Girls Yellow & Green Pure Cotton Printed Top','Girls','Gini and Jony',489,' Green',39),(446,'PARFAIT Plus Size Nude-Coloured Solid Underwired Lightly Padded Balconette Bra 4815','Women','PARFAIT',1609,' Red',34),(447,'Park Avenue Women Yellow & Red Printed Linen Sheath Dress','Women','Park Avenue',1079,' Red',35),(448,'PARFAIT Plus Size Black Solid Underwired Non Padded Everyday Bra P5412','Women','PARFAIT',1679,' Red',80),(449,'Raymond Men Grey Solid Woven Nehru Jacket','Men','Raymond',1749,' Grey',6),(450,'Raymond Men Brown Self-Checked Single-Breasted Formal Suit','Men','Raymond',6649,' Brown',90),(451,'SPYKAR Women Blue Alexa Super Skinny Fit High-Rise Clean Look Stretchable Jeans','Women','SPYKAR',999,'Blue',63),(452,'SEJ by Nisha Gupta Set of 6 Pink & Green Printed Table Placemats','Unisex','SEJ by Nisha Gupta',899,' Green',65),(453,'Jn Joy Navy Sheer Top','Women','Jn Joy',2399,' Navy',96),(454,'SEJ by Nisha Gupta Set of 4 Multicoloured Printed Table Placemats','Unisex','SEJ by Nisha Gupta',799,' Red',92),(455,'PARFAIT Plus Size Maroon Solid Underwired Lightly Padded Plunge Bra 2801','Women','PARFAIT',1189,' Red',43),(456,'Qraa Men Set of 2 Intense Acne Clearing Face Wash 100gm each','Men','Qraa Men',576,'red',94),(457,'DKNY Unisex Black Solid Leather Backpack with Pouch','Unisex','DKNY',13020,' Black',44),(458,'Lady Lyka Women Black and Beige Pack of 2 Beginners Bras ATHLETE-SKN-BLK-Multi','Women','Lady Lyka',425,' Black',100),(459,'ahilya Oxidised Sterling Silver Ring','Women','ahilya',4275,' Silver',82),(460,'BuckleUp Women Black Textured Belt','Women','BuckleUp',449,' Red',51),(461,'Lady Lyka Women Pack of 2 Beginners Bras TEENAGER-FCA-SKN','Women','Lady Lyka',425,'red',8),(462,'Tokyo Talkies Women Red Maxi Dress','Women','Tokyo Talkies',1299,' Red',7),(463,'Marvel by Wear Your Mind Boys Black Printed Round Neck T-shirt','Boys','Marvel by Wear Your Mind',549,' Black',82),(464,'Bvlgari Men Black Eau De Toilette 40 ml','Men','Bvlgari',3500,' Black',60),(465,'THE SILHOUETTE STORE Women Black Solid Dhoti Jumpsuit with Belt','Women','THE SILHOUETTE STORE',839,' Black',29),(466,'Parx Men Brown Original Slim Fit Solid Regular Trousers','Men','Parx',874,' Brown',19),(467,'Campus Sutra Men Blue Solid Round Neck T-shirt','Men','Campus Sutra',699,'Blue',78),(468,'PARFAIT Plus Size Charcoal Grey Lace Detail Underwired Non Padded Everyday Bra P5022','Women','PARFAIT',1679,' Red',59),(469,'Gini and Jony Boys Navy Blue Slim Fit Solid Regular Trousers','Boys','Gini and Jony',1119,'Blue',68),(470,'Lady Lyka Women Black and Fuschia Pack of 2 Beginners Bras ATHLETE-BLK-FCA-Multi','Women','Lady Lyka',425,' Black',89),(471,'DKNY Unisex Purple Large Trolley Bag','Unisex','DKNY',31100,' Purple',46),(472,'ID Men Brown Fisherman Leather Sandals','Men','ID',1197,' Brown',53),(473,'Puma Men Navy Blue Sneakers','Men','Puma',1959,'Blue',3),(474,'HIGHLANDER Men Maroon Striped Round Neck T-shirt','Men','HIGHLANDER',699,' Maroon',5),(475,'Russell Athletic Black Hooded Sweatshirt','Women','Russell Athletic',3499,' Black',47),(476,'JEWEL JUNCTION Silver-Toned Geometric Cufflinks','Men','JEWEL JUNCTION',539,' Silver',59),(477,'ID Men Brown Leather Oxfords','Men','ID',2685,' Brown',52),(478,'Blackberrys Men Navy Blue Solid Chambray Slim-Fit Jacket','Men','Blackberrys',2924,'Blue',59),(479,'DKNY Unisex Black Medium Trolley Bag','Unisex','DKNY',12375,' Black',99),(480,'Russell Athletic Grey Melange Hooded Sweatshirt','Women','Russell Athletic',2799,' Grey',54),(481,'Xpose Women Blue Camouflage Print Skinny Fit Regular Shorts','Women','Xpose',734,'Blue',99),(482,'Gini and Jony Girls Red & White Printed Regular Shorts','Girls','Gini and Jony',629,' Red',22),(483,'HIGHLANDER Men Navy Blue & Red Slim Fit Checked Casual Shirt','Men','HIGHLANDER',699,'Blue',46),(484,'ID Men Navy Blue Leather Derbys','Men','ID',2685,'Blue',40),(485,'PARFAIT Plus Size Blue  Beige Lace Underwired Non Padded Everyday Bra P5392','Women','PARFAIT',1679,'Blue',44),(486,'HIGHLANDER Men White & Navy Blue Slim Fit Printed Casual Shirt','Men','HIGHLANDER',699,'Blue',96),(487,'MIAH Decor Set Of 2 Printed Serving Bowl Set','Unisex','MIAH Decor',1799,'red',48),(488,'Sera Women Orange & White Printed Kurta with Palazzos','Women','Sera',1317,' White',7),(489,'Parx Men Maroon Slim Fit Printed Casual Shirt','Men','Parx',734,' Maroon',20),(490,'Parx Men Blue Slim Fit Printed Casual Shirt','Men','Parx',759,'Blue',16),(491,'Gini and Jony Boys Blue Regular Fit Faded Chambray Casual Shirt','Boys','Gini and Jony',1049,'Blue',96),(492,'Homesake Gold-Toned & Navy Blue Solid Handcrafted Table Lamp with Shade','Unisex','Homesake',1620,'Blue',66),(493,'Campus Sutra Men Blue & White Standard Regular Fit Dyed Casual Shirt','Men','Campus Sutra',599,'Blue',29),(494,'Carrera Men Black Sneakers','Men','Carrera',5199,' Black',72),(495,'Homesake Gold-Toned & White Solid Handcrafted Table Lamp with Shade','Unisex','Homesake',1620,' White',35),(496,'Puma Men Blue Sneakers','Men','Puma',1749,'Blue',15),(497,'SPYKAR Women Blue & White Striped Adora Skinny Fit Mid-Rise Clean Look Ankle Jeans','Women','SPYKAR',1034,'Blue',65),(498,'DKNY Unisex Black & Grey Printed Large Trolley Bag','Unisex','DKNY',13275,' Black',64),(499,'Parx Men Pink Slim Fit Solid Casual Shirt','Men','Parx',612,' Pink',48),(500,'Soie Black Solid Non-Wired Non Padded Maternity Bra CB-331','Women','Soie',655,' Red',18),(501,'Parx Men White Printed Round Neck T-shirt','Men','Parx',454,' White',70),(502,'Soie Nude-Coloured Solid Non-Wired Non Padded Minimizer Bra','Women','Soie',632,' Red',5),(503,'Gini and Jony Boys Black & Grey Printed Polo Collar T-shirt','Boys','Gini and Jony',629,' Black',59),(504,'Sera Women Mustard Floral Printed Maxi Top','Women','Sera',1097,' Mustard',74),(505,'DKNY Unisex Silver Medium Trolley Bag','Unisex','DKNY',15540,' Silver',16),(506,'Campus Sutra Men Grey Dyed Henley Neck T-shirt','Men','Campus Sutra',699,' Grey',19),(507,'Playdate Girls Black Striped Tank Top','Girls','Playdate',599,' Black',81),(508,'ID Men Tan Brown Leather Formal Derbys','Men','ID',1627,' Brown',34),(509,'AccessHer German Silver and Gold Plating Jewellery Set','Women','AccessHer',1251,' Gold',63),(510,'SEJ by Nisha Gupta Set of 4 Multicoloured Printed Table Placemats','Unisex','SEJ by Nisha Gupta',799,' Red',88),(511,'Soie Nude-Coloured Solid Non-Wired Non Padded Maternity Bra CB-331NUDE','Women','Soie',655,' Red',64),(512,'MBE Navy Blue & Gold-Toned Printed Dupatta','Women','MBE',699,'Blue',100),(513,'PARFAIT Plus Size Women Black Solid Lace Detail Hipster Briefs P5395','Women','PARFAIT',999,' Black',42),(514,'PARFAIT Plus Size Women Blue  Black Colourblocked Underwired Lightly Padded Sports Bra P5541','Women','PARFAIT',1609,'Blue',12),(515,'Parx Men Brown Tapered Fit Solid Regular Trousers','Men','Parx',839,' Red',99),(516,'Story@home Cream-Coloured Abstract 210TC Cotton 1 King Bedsheet with 2 Pillow Covers','Unisex','Story@home',1799,' Red',36),(517,'Park Avenue Women Grey Sheath Dress','Women','Park Avenue',809,' Grey',52),(518,'HIGHLANDER Men Blue & White Slim Fit Colourblocked Casual Shirt','Men','HIGHLANDER',699,'Blue',78),(519,'SPYKAR Women White Adora Skinny Fit Mid-Rise Clean Look Stretchable Jeans','Women','SPYKAR',899,' White',27),(520,'SEJ by Nisha Gupta Set of 4 Multicoloured Printed Table Placemats','Unisex','SEJ by Nisha Gupta',799,' Red',43),(521,'Park Avenue Women Blue Solid Shirt Style Top','Women','Park Avenue',503,'Blue',50),(522,'Sweet Dreams Men Navy Blue Solid Straight-Fit Trackpants','Men','Sweet Dreams',699,'Blue',100),(523,'Lakme Absolute Matte Melt Liquid Lip Color Rhythmic Red 20','Women','Lakme',400,' Red',57),(524,'HIGHLANDER Men Brown & Black Slim Fit Checked Casual Shirt','Men','HIGHLANDER',699,' Black',7),(525,'ahilya Gold-Plated Sterling Silver Jhumka Earrings','Women','ahilya',11137,' Gold',30),(526,'Gini and Jony Boys Brown Solid Regular Fit Shorts','Boys','Gini and Jony',629,' Brown',1),(527,'SEJ by Nisha Gupta Set of 6 Green & Blue Printed Table Placemats','Unisex','SEJ by Nisha Gupta',899,'Blue',35),(528,'SPYKAR Women Blue Alicia Super Skinny Fit Low-Rise Mildly Distressed Ankle-length Jeans','Women','SPYKAR',1079,'Blue',84),(529,'PARFAIT Plus Size Women Beige Solid Hipster Briefs 4805','Women','PARFAIT',899,' Beige',63),(530,'PARFAIT Plus Size Women Black Lace Detail Solid Hipster Briefs 2803','Women','PARFAIT',899,' Black',43),(531,'Vishudh Women Olive Green Floral Embroidered Straight Kurta','Women','Vishudh',1299,' Green',32),(532,'ID Men Tan Brown Solid Comfort Leather Sandals','Men','ID',1685,' Brown',31),(533,'Parx Men Blue Slim Fit Printed Casual Shirt','Men','Parx',839,'Blue',14),(534,'Gini and Jony Boys Brown Solid Regular Fit Shorts','Boys','Gini and Jony',559,' Brown',100),(535,'Gini and Jony Girls Black Solid Semi-Sheer Net A-Line Skirt','Girls','Gini and Jony',839,' Black',68),(536,'ID Men Brown Shoe-Style Leather Sandals','Men','ID',2385,' Brown',68),(537,'Parx Men Blue Slim Fit Mid-Rise Clean Look Jeans','Men','Parx',804,'Blue',72),(538,'her by invictus Women Tan Solid Cushioned Mules','Women','her by invictus',1044,'red',68),(539,'Parx Men Grey Checked Mandarin Collar T-shirt','Men','Parx',594,' Grey',37),(540,'ID Men Blue Leather Sneakers','Men','ID',1210,'Blue',101),(541,'SPYKAR Women Black Adora Skinny Fit Mid-Rise Clean Look Stretchable Ankle Jeans','Women','SPYKAR',1079,' Black',97),(542,'Lakme Absolute Matte Melt Liquid Lip Color 12 Natural Nude','Women','Lakme',400,' Matte',91),(543,'SEJ by Nisha Gupta Set of 6 Blue & Green Printed Table Placemats','Unisex','SEJ by Nisha Gupta',899,'Blue',56),(544,'HIGHLANDER Men Blue & Black Slim Fit Printed Casual Shirt','Men','HIGHLANDER',699,'Blue',82),(545,'Campus Sutra Men Blue & Grey Regular Fit Checked Casual Shirt','Men','Campus Sutra',599,'Blue',10),(546,'her by invictus Women Nude-Coloured Slip-On Cushioned Sneakers','Women','her by invictus',1299,' Red',58),(547,'Parx Men White & Orange Slim Fit Checked Casual Shirt','Men','Parx',717,' White',101),(548,'AccessHer Gold-Plated Enamelled Jewellery Set','Women','AccessHer',1064,' Gold',49),(549,'Urban Dog Men Charcoal Grey Printed Regular Fit Sports Shorts','Men','Urban Dog',399,' Grey',36),(550,'Puma Unisex Blue Sneakers','Unisex','Puma',2999,'Blue',41),(551,'her by invictus Women Charcoal Grey Cushioned Slip-Ons','Women','her by invictus',1299,' Grey',69),(552,'AccessHer Black & Gold-Plated Mangalsutra','Women','AccessHer',348,' Black',86),(553,'AccessHer Women Gold-Plated & Off-White Kundan & Pearl Embellished Maang Tikka','Women','AccessHer',1107,' White',4),(554,'Kenneth Cole Women Pink Solid Backpack','Women','Kenneth Cole',2463,' Pink',89),(555,'Roadster Women Olive Green Solid One Toe Flats','Women','Roadster',1299,' Green',100),(556,'Beli Women Black Textured Heels','Women','Beli',974,' Red',51),(557,'Urban Dog Men White & Black Striped Boxers UDBX160','Men','Urban Dog',699,' Black',71),(558,'MIAH Decor Beige & Black Set of 2 Handpainted Ceramic Coffee Mugs','Unisex','MIAH Decor',1079,' Black',5),(559,'Russell Athletic Grey Melange Printed Sweatshirt','Women','Russell Athletic',2599,' Grey',72),(560,'Parx Men Blue Slim Fit Printed Casual Shirt','Men','Parx',759,'Blue',46),(561,'SPYKAR Women Blue Alicia Super Skinny Fit Low-Rise Clean Look Ankle-Length Jeans','Women','SPYKAR',899,'Blue',42),(562,'Lakme Absolute Matte Melt Liquid Lip Color - 22 Pink Heels 6 ml','Women','Lakme',400,' Pink',7),(563,'Parx Men Blue & Off-White Slim Fit Printed Casual Shirt','Men','Parx',594,'Blue',19),(564,'Sera Women Off-White & Black Printed Kurta with Palazzos','Women','Sera',1357,' Black',18),(565,'Lady Lyka Women Pack of 2 Beginners Bras TEENAGER-FCA-PPL','Women','Lady Lyka',425,'red',29),(566,'Parx Men Green Solid Polo Collar T-shirt','Men','Parx',539,' Green',81),(567,'Mast & Harbour Women Maroon Solid Open Toe Flats','Women','Mast & Harbour',1599,' Maroon',35),(568,'PARFAIT Plus Size Black  Grey Lace Underwired Non Padded Everyday Bra P5612','Women','PARFAIT',1679,' Red',66),(569,'Parx Men White & Blue Slim Fit Printed Casual Shirt','Men','Parx',647,'Blue',82),(570,'MIAH Decor Blue & Beige Handpainted Mughal Art Large Storage Jar','Unisex','MIAH Decor',1499,'Blue',25),(571,'Sera Women Pink & Maroon A-Line Dress','Women','Sera',1099,' Pink',10),(572,'SEJ by Nisha Gupta Set of 6 Green & Pink Printed Table Placemats','Unisex','SEJ by Nisha Gupta',899,' Green',18),(573,'Campus Sutra Men Black & White Self Design Round Neck T-shirt','Men','Campus Sutra',299,' Black',35),(574,'JEWEL JUNCTION Gold-Toned Geometric Cufflinks','Men','JEWEL JUNCTION',539,' Gold',26),(575,'SPYKAR Women Navy Blue Elissa Bootcut High-Rise Clean Look Stretchable Jeans','Women','SPYKAR',999,'Blue',89),(576,'Mast & Harbour Women Pink Solid Mules','Women','Mast & Harbour',1299,' Pink',51),(577,'Parx Men Red & Navy Blue Slim Fit Checked Casual Shirt','Men','Parx',779,'Blue',29),(578,'JEWEL JUNCTION Silver-Toned Geometric Cufflinks','Men','JEWEL JUNCTION',539,' Silver',21),(579,'Campus Sutra Men Blue & White Standard Regular Fit Checked Casual Shirt','Men','Campus Sutra',599,'Blue',15),(580,'AccessHer Gold-Plated Kundan-Studded Flower-Shaped Nosepin','Women','AccessHer',267,' Gold',8),(581,'AccessHer Blue & Gold-Plated Enamelled Circular Drop Earrings','Women','AccessHer',595,'Blue',42),(582,'ether Women Coffee Brown Solid Open Toe Flats','Women','ether',699,' Brown',76),(583,'JEWEL JUNCTION Gold-Toned Geometric Cufflinks','Men','JEWEL JUNCTION',539,' Gold',29),(584,'DKNY Unisex Purple Cabin Trolley Bag','Unisex','DKNY',22100,' Purple',59),(585,'MIAH Decor Brown Art Storage Jar','Unisex','MIAH Decor',1499,' Brown',61),(586,'Roadster Women Red Printed Sweatshirt','Women','Roadster',699,' Red',88),(587,'ahilya Gold-Plated Sterling Silver Drop Earrings','Women','ahilya',9333,' Gold',96),(588,'Parx Men Blue Slim Fit Checked Casual Shirt','Men','Parx',752,'Blue',9),(589,'ID Men Tan Sandals','Men','ID',1197,'red',17),(590,'Campus Sutra Men Blue Standard Regular Fit Checked Chambray Casual Shirt','Men','Campus Sutra',511,'Blue',89),(591,'SPYKAR Women Blue Adora Skinny Fit Mid-Rise Mildly Distressed Stretchable Ankle Jeans','Women','SPYKAR',1304,'Blue',51),(592,'Parx Men Green Slim Fit Checked Casual Shirt','Men','Parx',664,' Green',34),(593,'PARFAIT Plus Size Fuchsia Pink Lace Underwired Lightly Padded Plunge Bra P5351','Women','PARFAIT',1749,' Red',13),(594,'Campus Sutra Men Green Dyed Henley Neck T-shirt','Men','Campus Sutra',699,' Green',8),(595,'Parx Men White Printed Polo Collar T-shirt','Men','Parx',594,' White',58),(596,'ahilya Gold-Plated Sterling Silver & Green Hoop Earrings','Women','ahilya',5998,' Green',49),(597,'Gini and Jony Boys Black & Grey Printed Polo Collar T-shirt','Boys','Gini and Jony',699,' Black',86),(598,'ahilya Dakshin Collection Gold-Plated Sterling Silver Hoop Earrings','Women','ahilya',6340,' Gold',19),(599,'SEJ by Nisha Gupta Set of 4 Printed Table Placemats','Unisex','SEJ by Nisha Gupta',799,'red',60),(600,'Park Avenue Women Blue Solid A-Line Top','Women','Park Avenue',503,'Blue',69),(601,'SEJ by Nisha Gupta Set of 4 Yellow & Blue Printed Table Placemats','Unisex','SEJ by Nisha Gupta',799,'Blue',86),(602,'VASTRAMAY Boys Gold-Coloured & Maroon Solid Kurta with Churidar & Jacket','Boys','VASTRAMAY',1469,' Red',9),(603,'PARFAIT Plus Size Maroon Lace Underwired Lightly Padded Balconette Bra P5231','Women','PARFAIT',1539,' Red',24),(604,'SEJ by Nisha Gupta Set of 4 Multicoloured Printed Table Placemats','Unisex','SEJ by Nisha Gupta',799,' Red',70),(605,'Raymond Men Maroon Woven-Design Single-Breasted Bandhgala','Men','Raymond',3599,' Maroon',25),(606,'Raymond Men Blue Checked Single-Breasted Formal Suit','Men','Raymond',3999,'Blue',51),(607,'AccessHer Handcrafted Rose Gold-Plated Jewellery Set','Women','AccessHer',4040,' Gold',100),(608,'Parx Men White Slim Fit Printed Casual Shirt','Men','Parx',659,' White',20),(609,'JC Collection Women Mustard Yellow Lace Wrap Dress','Women','JC Collection',5590,' Yellow',8),(610,'GUESS Girl Belle Eau de Toilette 100 ml','Women','GUESS',1982,'red',3),(611,'Allen Solly Woman Women Navy Blue Regular Fit Printed Casual Shirt','Women','Allen Solly Woman',685,'Blue',39),(612,'PARFAIT Plus Size Black Self Design Underwired Lightly Padded Plunge Bra P5411','Women','PARFAIT',1679,' Red',93),(613,'HIGHLANDER Men Black & Grey Slim Fit Checked Regular Trousers','Men','HIGHLANDER',1299,' Black',31),(614,'SEJ by Nisha Gupta Set of 6 Multicoloured Printed Table Placemats','Unisex','SEJ by Nisha Gupta',899,' Red',26),(615,'Homesake Gold-Toned & Navy Blue Solid Handcrafted Table Lamp with Shade','Unisex','Homesake',1732,'Blue',10),(616,'SEJ by Nisha Gupta Pink & Blue Printed Wooden Open Dry Bin','Unisex','SEJ by Nisha Gupta',999,'Blue',95),(617,'Soie Off-White Solid Non-Wired Non Padded Everyday Bra CB-332','Women','Soie',552,' Red',39),(618,'Lady Lyka Women Pack of 2 Beginners Bras TEENAGER-PPL-RED','Women','Lady Lyka',425,' Red',51),(619,'SPYKAR Women Blue Alexa Super Skinny Fit High-Rise Clean Look Stretchable Jeans','Women','SPYKAR',999,'Blue',36),(620,'Russell Athletic Black Sweatshirt','Women','Russell Athletic',2999,' Black',2),(621,'Campus Sutra Men Grey Printed Round Neck T-shirt','Men','Campus Sutra',699,' Grey',69),(622,'HARBORNBAY Women Navy Blue & White Striped Round Neck T-shirt','Women','HARBORNBAY',395,'Blue',3),(623,'JEWEL JUNCTION Men Gold-Toned Geometric Cufflinks','Men','JEWEL JUNCTION',539,' Gold',29),(624,'Raymond Men Maroon Regular Fit Self Design Formal Shirt','Men','Raymond',1079,' Maroon',4),(625,'AccessHer Women Gold-Plated & Off-White Oxidised Stone & Pearl Embellished Nose Ring','Women','AccessHer',512,' White',51),(626,'ahilya Gold-Plated Sterling Silver Drop Earrings','Women','ahilya',4410,' Gold',39),(627,'SPYKAR Women Black Alexa Super Skinny Fit High-Rise Clean Look Stretchable Ankle Jeans','Women','SPYKAR',1079,' Black',57),(628,'Qraa Men Intense Acne Therapy Kit','Men','Qraa Men',815,'red',94),(629,'HIGHLANDER Men Navy Blue & White Slim Fit Printed Casual Shirt','Men','HIGHLANDER',699,'Blue',3),(630,'Campus Sutra Men Charcoal Grey & Black Colourblocked Round Neck T-shirt','Men','Campus Sutra',699,' Black',77),(631,'SEJ by Nisha Gupta Pink & Blue Printed Wooden Open Dry Bin','Unisex','SEJ by Nisha Gupta',999,'Blue',40),(632,'PARFAIT Plus Size Mauve  Pink Printed Underwired Lightly Padded Plunge Bra 2801','Women','PARFAIT',1189,' Red',83),(633,'Parx Men Green Printed Polo Collar T-shirt','Men','Parx',594,' Green',71),(634,'JEWEL JUNCTION Silver-Toned Geometric Cufflinks','Men','JEWEL JUNCTION',539,' Silver',73),(635,'Soie Nude-Coloured lace Underwired Non Padded full coverage Everyday Bra FB-610','Women','Soie',693,' Red',8),(636,'JEWEL JUNCTION Silver-Toned Geometric Cufflinks','Men','JEWEL JUNCTION',539,' Silver',65),(637,'SEJ by Nisha Gupta Set of 4 Mustard & Green Printed Table Placemats','Unisex','SEJ by Nisha Gupta',799,' Green',73),(638,'Blackberrys Black Single-Breasted Linen Slim Ethnic Blazer','Men','Blackberrys',3147,' Black',69),(639,'ID Men Brown Formal Leather Derbys','Men','ID',1036,' Brown',75),(640,'Gini and Jony Girls White & Pink Tie & Dye Kaftan Top','Girls','Gini and Jony',779,' White',44),(641,'Homesake Gold-Toned Solid Handcrafted Table Lamp with Shade','Unisex','Homesake',1890,' Gold',94),(642,'ID Men Black Solid Formal Leather Derbys','Men','ID',956,' Black',98),(643,'Homesake Gold-Toned & Purple Solid Handcrafted Table Lamp with Shade','Unisex','Homesake',1836,' Gold',35),(644,'PARFAIT Plus Size Women Black Solid Hipster Briefs 4803','Women','PARFAIT',999,' Black',21),(645,'Park Avenue Women Blue Shirt Dress','Women','Park Avenue',869,'Blue',50),(646,'Lady Lyka Women Pink and Burgundy Pack of 2 Everyday Bras MONALISA-PNK-WHN-Multi','Women','Lady Lyka',593,' Pink',61),(647,'SPYKAR Women Blue Elissa Bootcut High-Rise Clean Look Stretchable Ankle Jeans','Women','SPYKAR',2699,'Blue',59),(648,'Gini and Jony Girls Pink Net Embroidered Fit & Flare Dress with Studded Detail','Girls','Gini and Jony',1499,' Red',46),(649,'NEUDIS Grey Set of 2 Striped Square Cushion Covers','Unisex','NEUDIS',349,' Grey',58),(650,'PARFAIT Plus Size Women Charcoal Grey Solid Hipster Briefs P5025','Women','PARFAIT',999,' Grey',79),(651,'Gini and Jony Boys Black Solid Joggers with Printed Detail','Boys','Gini and Jony',734,' Black',80),(652,'PARFAIT Plus Size Pink  Grey Printed Underwired Lightly Padded Balconette Bra 6901','Women','PARFAIT',1609,' Red',80),(653,'MIAH Decor Red & Grey Art Storage Jar','Unisex','MIAH Decor',883,' Red',12),(654,'PARFAIT Plus Size Women Beige Lace Detail Solid Hipster Brief P5025','Women','PARFAIT',999,' Beige',67),(655,'AccessHer Gold-Plated & Off-White Kundan & Pearl Embellished Maang Tikka','Women','AccessHer',621,' White',22),(656,'Gini and Jony Girls White & Pink Loose Fit Checked Culottes','Girls','Gini and Jony',559,' White',93),(657,'Stylo Bug Girls Turquoise Blue Butterfly Print A-Line Dress','Girls','Stylo Bug',768,'Blue',87),(658,'BuckleUp Women Multicoloured Printed Belt','Women','BuckleUp',449,' Red',54),(659,'AccessHer Women Gold-Plated & Off-White Oxidised Kundan & Pearl Embellished Maang Tikka','Women','AccessHer',523,' White',3),(660,'Gini and Jony Girls Blue Dyed Printed Round Neck T-shirt','Girls','Gini and Jony',489,'Blue',67),(661,'Vishudh Women Pink & Orange Maxi Dress','Women','Vishudh',1299,' Pink',27),(662,'Parx Men Grey Slim Fit Printed Casual Shirt','Men','Parx',612,' Grey',24),(663,'SPYKAR Women Blue Adora Skinny Fit Mid-Rise Clean Look Stretchable Jeans','Women','SPYKAR',2499,'Blue',85),(664,'Parx Men Pink & Off-White Slim Fit Printed Casual Shirt','Men','Parx',699,' White',100),(665,'AccessHer Pink & Gold-Plated Enamelled Geometric Drop Earrings','Women','AccessHer',520,' Pink',9),(666,'Raymond Men Blue Solid Polo Collar T-shirt','Men','Raymond',809,'Blue',75),(667,'AccessHer Gold-Plated Meenakari Jewellery Set','Women','AccessHer',1064,' Gold',73),(668,'SEJ by Nisha Gupta Yellow & White Printed Wooden Open Dry Bin','Unisex','SEJ by Nisha Gupta',999,' Yellow',86),(669,'Vishudh Women Peach-Coloured Printed Straight Kurta','Women','Vishudh',542,' Red',4),(670,'StyleStone Women Cream-Coloured & Orange Printed Top','Women','StyleStone',584,' Red',51),(671,'AccessHer Gold-Plated & White Pearl Embellished Swan-Shaped Brooch','Women','AccessHer',264,' White',99),(672,'SASSAFRAS Women Black Regular Fit Semi-Sheer Solid Jodhpuris','Women','SASSAFRAS',699,' Black',44),(673,'HIGHLANDER Men Black & Grey Slim Fit Self Design Regular Trousers','Men','HIGHLANDER',1299,' Black',10),(674,'United Colors of Benetton Girls Black Floral Print Sheath Dress','Girls','United Colors of Benetton',1999,' Black',55),(675,'Parx Men Khaki Tapered Fit Solid Regular Trousers','Men','Parx',839,' Red',50),(676,'Playdate Girls White & Navy Blue Solid A-Line Dress','Girls','Playdate',839,'Blue',51),(677,'Marvel by Wear Your Mind Boys Black Printed Round Neck T-shirt','Boys','Marvel by Wear Your Mind',539,' Black',13),(678,'Glam Jasmine Edp 50Ml','Women','Michael Kors',5715,'red',1),(679,'Parx Men Blue Slim Fit Printed Casual Shirt','Men','Parx',759,'Blue',69),(680,'Bvlgari Women Splendida Iris D\'Or Eau De Parfum 50 ml','Women','Bvlgari',7650,'red',6),(681,'Gini and Jony Boys Khaki Slim Fit Solid Regular Trousers','Boys','Gini and Jony',1119,' Khaki',20),(682,'Blackberrys Men Charcoal Grey Single-Breasted Slim Fit Formal Blazer','Men','Blackberrys',3597,' Black',40),(683,'Lady Lyka Women Black and Beige Pack of 2 Everyday Bras SONAL-BLK-SKN-Multi','Women','Lady Lyka',678,' Black',94),(684,'Lady Lyka Women Pack of 2 Beginners Bras TEENAGER-BLK-RED','Women','Lady Lyka',425,' Red',54),(685,'Parx Men Blue Slim Fit Solid Casual Shirt','Men','Parx',874,'Blue',6),(686,'Vishudh Women Blue Solid Straight Kurta','Women','Vishudh',1299,'Blue',31),(687,'Marvel by Wear Your Mind Boys White Printed Round Neck T-shirt','Boys','Marvel by Wear Your Mind',539,' White',48),(688,'Marvel by Wear Your Mind Boys Red & Black Printed Round Neck T-shirt','Boys','Marvel by Wear Your Mind',549,' Red',101),(689,'Parx Men Navy Blue Slim Fit Printed Casual Shirt','Men','Parx',612,'Blue',39),(690,'PARFAIT Plus Size White Solid Underwired Lightly Padded Everyday Bra P5011','Women','PARFAIT',1819,' Red',71),(691,'Peter England Men Set of 2 Briefs PIWBBKGM9016001','Men','Peter England',266,'red',37),(692,'Lady Lyka Women Maroon and Burgundy Pack of 2 Everyday Bras MONALISA-MRN-WHN-Multi','Women','Lady Lyka',593,' Burgundy',11),(693,'Blackberrys Men Black Solid Quilted Jacket','Men','Blackberrys',4499,' Black',40),(694,'ID Men Black Formal Leather Oxfords','Men','ID',1432,' Black',44),(695,'Parx Men Pink Slim Fit Checked Casual Shirt','Men','Parx',647,' Pink',50),(696,'MIAH Decor Orange & Brown Kitchen Storage Jar with Lid','Unisex','MIAH Decor',1199,' Brown',2),(697,'Bvlgari Women Splendida Jasmin Noir EDP 50 ml','Women','Bvlgari',7650,'red',96),(698,'HIGHLANDER Men Blue & Grey Slim Fit Checked Regular Trousers','Men','HIGHLANDER',1299,'Blue',40),(699,'Parx Men Blue Original Tapered Fit Solid Regular Trousers','Men','Parx',734,'Blue',83),(700,'BuckleUp Women Brown Solid Belt','Women','BuckleUp',449,' Brown',6),(701,'Gini and Jony Boys Black Regular Fit Solid Chinos with Belt','Boys','Gini and Jony',979,' Black',90),(702,'U.S. Polo Assn. Kids Boys Yellow Hooded Sweatshirt','Boys','U.S. Polo Assn. Kids',1699,' Yellow',75),(703,'Raymond Men Blue Regular Fit Self Design Formal Shirt','Men','Raymond',1484,'Blue',5),(704,'Parx Men Pink & Blue Striped Polo Collar T-shirt','Men','Parx',489,'Blue',82),(705,'Parx Men Blue & Yellow Slim Fit Checked Casual Shirt','Men','Parx',859,'Blue',14),(706,'Gini and Jony Boys Navy Blue Printed Round Neck T-shirt','Boys','Gini and Jony',734,'Blue',11),(707,'Vishudh Women Pink & Red Floral Print Maxi Dress','Women','Vishudh',1999,' Red',29),(708,'ahilya Sterling Silver Statement Ring','Women','ahilya',5283,' Silver',25),(709,'ID Men Black Leather Formal Slip-Ons','Men','ID',1219,' Black',96),(710,'VLCC 7X Ultra Whitening and Brightening Charcoal Peel Off Mask 100 g','Unisex','VLCC',348,' White',88),(711,'SEJ by Nisha Gupta Set of 6 Multicoloured Printed Table Placemats','Unisex','SEJ by Nisha Gupta',899,' Red',89),(712,'Marvel by Wear Your Mind Boys Red & Black Printed Round Neck T-shirt','Boys','Marvel by Wear Your Mind',539,' Red',92),(713,'Police Men Frozen Eau De Toilette 100 ml','Men','Police',2095,'red',67),(714,'Kazo Women Black Maxi Dress','Women','Kazo',2995,' Black',95),(715,'Homesake Gold-Toned & Blue Solid Handcrafted Table Lamp with Shade','Unisex','Homesake',1836,'Blue',23),(716,'Urban Dog Men Charcoal Grey Solid Regular Fit Sports Shorts','Men','Urban Dog',399,' Grey',36),(717,'AccessHer Gold-Plated & Off-White Kundan & Pearl Embellished Maang Tikka','Women','AccessHer',468,' White',80),(718,'Urban Dog Men Black Solid Regular Fit Sports Shorts','Men','Urban Dog',399,' Black',31),(719,'Parx Men Brown Slim Fit Printed Casual Shirt','Men','Parx',779,' Brown',77),(720,'Kook N Keech Disney Blue Printed Crop Jacket','Women','Kook N Keech Disney',839,'Blue',72),(721,'ROMEE Grey & Red Floral AC Room 300 GSM Double Bed Dohar','Unisex','ROMEE',1574,' Red',55),(722,'Parx Men Blue Slim Fit Checked Casual Shirt','Men','Parx',787,'Blue',71),(723,'JEWEL JUNCTION Silver-Toned Geometric Cufflinks','Men','JEWEL JUNCTION',539,' Silver',40),(724,'Lady Lyka Women White and Fuschia Pack of 2 Beginners Bras ATHLETE-WHT-FCA-Multi','Women','Lady Lyka',425,' White',43),(725,'HIGHLANDER Men Blue Slim Fit Printed Casual Shirt','Men','HIGHLANDER',699,'Blue',51),(726,'SHOWOFF Men Grey Printed Slim Fit Regular Shorts','Men','SHOWOFF',835,' Grey',8),(727,'Gini and Jony Boys Navy Solid Regular Fit Reversible Shorts','Boys','Gini and Jony',979,' Navy',91),(728,'Michael Kors Women Wonderlust Eau De Toilette 100 ml','Women','Michael Kors',7920,'red',97),(729,'MBE Women Orange Checked Dupatta','Women','MBE',623,' Orange',57),(730,'SEJ by Nisha Gupta Mustard Yellow & Blue Printed Wooden Open Dry Bin','Unisex','SEJ by Nisha Gupta',999,'Blue',43),(731,'AccessHer Gold-Plated & Green Embellished Kundan Maang Tika','Women','AccessHer',349,' Green',72),(732,'Sera Women Navy Blue & Off-White Printed Kurta with Trousers','Women','Sera',1437,'Blue',82),(733,'Park Avenue Women Yellow Solid Top','Women','Park Avenue',506,' Yellow',93),(734,'DKNY Women Be Tempted Eau De Parfum 50 ml','Women','DKNY',2665,'red',16),(735,'Palm Tree Boys Red Printed Round Neck T-shirt','Boys','Palm Tree',349,' Red',61),(736,'Parx Men Navy Blue Slim Fit Solid Regular Trousers','Men','Parx',804,'Blue',43),(737,'Parx Men Pink Solid Polo Collar T-shirt','Men','Parx',559,' Pink',56),(738,'Raymond Men Red Printed Sweatshirt','Men','Raymond',1214,' Red',7),(739,'ahilya Charcoal Grey Sterling Silver Drop Earrings','Women','ahilya',4531,' Grey',30),(740,'Gini and Jony Boys Blue Regular Fit Mid-Rise Clean Look Stretchable Jeans','Boys','Gini and Jony',1049,'Blue',25),(741,'Parx Men Blue Slim Fit Printed Casual Shirt','Men','Parx',779,'Blue',100),(742,'Soie Maroon Solid Non-Wired Non Padded Everyday Bra CB-329DEEP','Women','Soie',790,' Red',36),(743,'Parx Men Blue & Off-White Slim Fit Checked Casual Shirt','Men','Parx',764,'Blue',72),(744,'Parx Men Blue Slim Fit Checked Casual Shirt','Men','Parx',699,'Blue',79),(745,'Parx Men Blue Printed Polo Collar T-shirt','Men','Parx',489,'Blue',2),(746,'Parx Men Blue Slim Fit Printed Casual Shirt','Men','Parx',664,'Blue',65),(747,'Park Avenue Women Maroon Solid Sheath Dress','Women','Park Avenue',779,' Maroon',20),(748,'AccessHer Gold-Plated & Red Enamelled Geometric Drop Earrings','Women','AccessHer',577,' Red',21),(749,'SEJ by Nisha Gupta Set of 4 Blue & Green Printed Table Placemats','Unisex','SEJ by Nisha Gupta',799,'Blue',99),(750,'Story@home Green Floral 210 TC Cotton 1 King Bedsheet with 2 Pillow Covers','Unisex','Story@home',1799,' Green',7),(751,'Sera Women Maroon Solid Wrap Top','Women','Sera',711,' Maroon',93),(752,'Campus Sutra Men Black & Off-White Standard Regular Fit Checked Casual Shirt','Men','Campus Sutra',599,' Black',46),(753,'PARFAIT Plus Size Nude-Coloured Solid Underwired Lightly Padded T-shirt Bra P5441','Women','PARFAIT',1609,' Red',49),(754,'Parx Men Maroon Slim Fit Printed Casual Shirt','Men','Parx',752,' Maroon',65),(755,'her by invictus Women Beige & Brown Solid Cushioned Slip-On Shoes','Women','her by invictus',1379,' Brown',82),(756,'SEJ by Nisha Gupta Set of 4 Pink Printed Table Placemats','Unisex','SEJ by Nisha Gupta',799,' Pink',43),(757,'ID Men Brown Comfort Sandals','Men','ID',956,' Brown',59),(758,'SEJ by Nisha Gupta Red & Black Printed Wooden Open Dry Bin','Unisex','SEJ by Nisha Gupta',999,' Red',98),(759,'Parx Men Blue Slim Fit Checked Casual Shirt','Men','Parx',734,'Blue',81),(760,'Bubblegummers Girls Beige Embellished Open Toe Flats','Girls','Bubblegummers',399,' Beige',58),(761,'JBN Creation Boys Green & Brown Sherwani Set','Boys','JBN Creation',1154,' Green',60),(762,'Gini and Jony Boys Navy Blue Printed Round Neck T-shirt','Boys','Gini and Jony',629,'Blue',20),(763,'DKNY Unisex Silver-Toned Textured Cabin Trolley Bag','Unisex','DKNY',14040,' Red',28),(764,'PARFAIT Plus Size Beige Self Design Underwired Lightly Padded Plunge Bra','Women','PARFAIT',1679,' Red',1),(765,'JC Collection Women Black And Red Floral Printed Fit and Flare Dress','Women','JC Collection',6206,' Red',81),(766,'Homesake Gold-Toned Solid Handcrafted Table Lamp with Shade','Unisex','Homesake',1890,' Gold',71),(767,'Rozia Deep Professions Hair Curler HR783','Women','Rozia',1043,'red',69),(768,'her by invictus Women Black Cushioned Slip-On Shoes','Women','her by invictus',1299,' Black',67),(769,'Puma Unisex White Smash Perf Sneakers','Unisex','Puma',2399,' White',24),(770,'Hoopers Men Black Textured Mid-Top Sneakers','Men','Hoopers',1679,' Red',9),(771,'Lady Lyka Women Red and White Pack of 2 Beginners Bras ATHLETE-RED-WHT-Multi','Women','Lady Lyka',425,' Red',22),(772,'Difference of Opinion Men Black & Grey Colourblocked Round Neck T-shirt','Men','Difference of Opinion',499,' Black',26),(773,'Peter England Casuals Men Blue & White Slim Fit Printed Casual Shirt','Men','Peter England Casuals',832,'Blue',17),(774,'Lady Lyka Women Beige and Brown Pack of 2 Everyday Bras ENTIZER11-SKN-BRN-Multi','Women','Lady Lyka',510,' Brown',83),(775,'Bubblegummers Boys Purple Printed Sports Sandals','Boys','Bubblegummers',699,' Purple',70),(776,'Parx Men Navy Blue & Green Slim Fit Printed Casual Shirt','Men','Parx',979,'Blue',35),(777,'Honey by Pantaloons Women White Striped Shirt Style Top','Women','Honey by Pantaloons',359,' White',3),(778,'SPYKAR Women Blue Alexa Super Skinny Fit High-Rise Low Distress Stretchable Jeans','Women','SPYKAR',1304,'Blue',8),(779,'SPYKAR Women Blue Adora Skinny Fit Mid-Rise Clean Look Stretchable Jeans','Women','SPYKAR',899,'Blue',94),(780,'Gini and Jony Girls White & Blue Printed A-Line Dress','Girls','Gini and Jony',734,'Blue',46),(781,'HIGHLANDER Men Black Slim Fit Checked Regular Trousers','Men','HIGHLANDER',1299,' Black',58),(782,'HIGHLANDER Men Olive Green Striped Round Neck T-shirt','Men','HIGHLANDER',699,' Green',12),(783,'MANGO Women Black Slim Fit Solid Cargos','Women','MANGO',1716,' Black',87),(784,'Difference of Opinion Men Mustard Yellow Solid Round Neck T-shirt With Side Strip Detail','Men','Difference of Opinion',499,' Yellow',64),(785,'ID Men Black Solid Formal Leather Derbys','Men','ID',1416,' Black',40),(786,'Police Women Exotic Eau De Toilette 100 ml','Women','Police',1257,'red',19),(787,'JEWEL JUNCTION Black Geometric Cufflinks','Men','JEWEL JUNCTION',539,' Black',82),(788,'Pink Cow Girls Blue Fit and Flare Dress','Girls','Pink Cow',3800,'Blue',98),(789,'her by invictus Women Dark Brown Solid Cushioned Mules','Women','her by invictus',1799,' Brown',81),(790,'Raymond Men Blue Solid Polo Collar T-shirt','Men','Raymond',899,'Blue',75),(791,'Xpose Women Olive Green Camouflage Print Skinny Fit Regular Shorts','Women','Xpose',734,' Green',74),(792,'Parx Men Blue Slim Fit Printed Casual Shirt','Men','Parx',804,'Blue',90),(793,'Michael Kors Men Extreme Night Eau De Toilette Perfume 120 ml','Men','Michael Kors',5715,'red',78),(794,'Campus Sutra Men Grey Solid Mandarin Collar T-shirt','Men','Campus Sutra',1299,' Grey',15),(795,'Crimsoune Club Men Navy Blue Slim Fit Mid-Rise Clean Look Jeans','Men','Crimsoune Club',2299,'Blue',48),(796,'Parx Men Yellow Slim Fit Solid Casual Shirt','Men','Parx',612,' Yellow',67),(797,'Parx Men Blue Slim Fit Checked Casual Shirt','Men','Parx',739,'Blue',12),(798,'PARFAIT Plus Size Off-White Lace Non-Wired Non Padded Bralette P5482','Women','PARFAIT',1679,' Red',19),(799,'Parx Men Purple Slim Fit Self Design Casual Shirt','Men','Parx',647,' Purple',12),(800,'Gini and Jony Boys Black Regular Fit Solid Formal Trousers','Boys','Gini and Jony',1119,' Black',88),(801,'Lakme Absolute Matte Melt Liquid Lip Color 13 Pink Silk','Women','Lakme',400,' Pink',31),(802,'HIGHLANDER Men Off-White & Yellow Slim Fit Checked Casual Shirt','Men','HIGHLANDER',699,' Yellow',65),(803,'TAYHAA Black & White Square Photo Frame','Unisex','TAYHAA',450,' Black',18),(804,'Shoe Couture Women Peach-Coloured Self-Striped Sneakers','Women','Shoe Couture',1439,' Red',78),(805,'Spray Vaporisateur Women Edp 100Ml','Women','Michael Kors',7920,'red',58),(806,'HIGHLANDER Men White & Blue Slim Fit Striped Casual Shirt','Men','HIGHLANDER',699,'Blue',41),(807,'DAVID BECKHAM Men Classic Blue Eau De Toilette 90ml','Men','DAVID BECKHAM',1740,'Blue',39),(808,'JEWEL JUNCTION Men Silver-Toned Geometric Cufflinks','Men','JEWEL JUNCTION',539,' Silver',49),(809,'Gini and Jony Girls Blue & White Printed Round Neck T-shirt','Girls','Gini and Jony',559,'Blue',42),(810,'Homesake Gold-Toned & White Solid Handcrafted Table Lamp with Shade','Unisex','Homesake',1732,' White',61),(811,'Rozia Hair Crimper Corn Styler HR780','Women','Rozia',799,'red',38),(812,'SHOWOFF Men Khaki Solid Slim Fit Regular Shorts','Men','SHOWOFF',791,' Khaki',7),(813,'Vishudh Women Coral Embroidered Kurta with Palazzos','Women','Vishudh',1139,' Red',52),(814,'Parx Men Green Tapered Fit Solid Regular Trousers','Men','Parx',804,' Green',6),(815,'Blue Solid Pullover','Men','GAS',3294,'Blue',58),(816,'PARFAIT Plus Size Navy Blue Solid Non-Wired Non Padded Everyday Bra P5641','Women','PARFAIT',1609,'Blue',101),(817,'Gini and Jony Boys Grey Solid Regular Fit Regular Shorts','Boys','Gini and Jony',384,' Grey',58),(818,'Campus Sutra Men Black & Grey Melange Standard Regular Fit Colourblocked Casual Shirt','Men','Campus Sutra',449,' Black',22),(819,'ColorPlus Men Grey & Blue Regular Fit Checked Casual Shirt','Men','ColorPlus',1279,'Blue',19),(820,'Urban Dog Men Grey Solid Regular Fit Sports Shorts','Men','Urban Dog',399,' Grey',35),(821,'PARFAIT Plus Size Women Burgundy Lace Boy Shorts 2805','Women','PARFAIT',899,' Burgundy',78),(822,'JEWEL JUNCTION Silver-Toned Geometric Cufflinks','Men','JEWEL JUNCTION',539,' Silver',16),(823,'SEJ by Nisha Gupta Yellow & Pink Printed Wooden Open Dry Bin','Unisex','SEJ by Nisha Gupta',999,' Yellow',63),(824,'Ishin Women Pink & White Block Print Kurta with Palazzos','Women','Ishin',1474,' White',89),(825,'FIDO DIDO Men Grey Colourblocked Polo Collar T-shirt','Men','FIDO DIDO',1299,' Grey',40),(826,'DKNY Unisex Black Cabin Trolley Bag','Unisex','DKNY',13365,' Black',25),(827,'PARFAIT Plus Size Navy Blue  Grey Printed Underwired Non Padded Everyday Bra P5372','Women','PARFAIT',1749,'Blue',82),(828,'Lady Lyka Women White and Black Pack of 2 Everyday Bras MONALISA-WHT-BLK-Multi','Women','Lady Lyka',593,' Black',87),(829,'Soie Green Lace Non-Wired Non Padded full coverage Everyday Bra FB-705 Green','Women','Soie',988,' Green',76),(830,'Homesake Gold-Toned & Green Solid Handcrafted Table Lamp with Shade','Unisex','Homesake',1732,' Green',18),(831,'Lady Lyka Women Pack of 2 Beginners Bras TEENAGER-PPL-SKN','Women','Lady Lyka',425,'red',53),(832,'MIMOSA Beige Art Silk Woven Design Kanjeevaram Saree','Women','MIMOSA',1195,' Beige',65),(833,'SPYKAR Women Blue Alexa Super Skinny Fit High-Rise Clean Look Stretchable Striped Jeans','Women','SPYKAR',1124,'Blue',99),(834,'Tokyo Talkies Women Teal & Red Floral Print Maxi Dress','Women','Tokyo Talkies',1299,' Red',29),(835,'Lady Lyka Women Beige and Burgundy Pack of 2 Everyday Bras ENTIZER11-SKN-WHN-Multi','Women','Lady Lyka',510,' Beige',73),(836,'VASTRAMAY Boys Gold-Toned Self Design Kurta with Churidar & Jacket','Boys','VASTRAMAY',1469,' Gold',47),(837,'her by invictus Women Nude-Coloured Cushioned Monks','Women','her by invictus',839,' Red',79),(838,'Raymond Men Orange Solid Polo Collar T-shirt','Men','Raymond',809,' Orange',54),(839,'Vishudh Women Peach-Coloured Floral Print Fit and Flare Dress','Women','Vishudh',1299,' Red',26),(840,'Parx Men Green Printed Round Neck T-shirt','Men','Parx',503,' Green',77),(841,'Campus Sutra Men White & Blue Regular Fit Colourblocked Casual Shirt','Men','Campus Sutra',1299,'Blue',50),(842,'ID Men Brown Leather Sneakers','Men','ID',1192,' Brown',82),(843,'DOROTHY PERKINS Women Burgundy Solid A-Line Skirt','Women','DOROTHY PERKINS',1299,' Burgundy',22),(844,'HIGHLANDER Men Black Slim Fit Striped Regular Trousers','Men','HIGHLANDER',1299,' Black',42),(845,'JEWEL JUNCTION Gold-Toned Rectangle Cufflinks','Men','JEWEL JUNCTION',539,' Gold',43),(846,'VASTRAMAY Men Coffee Brown Striped Straight Kurta','Men','VASTRAMAY',824,' Brown',78),(847,'AccessHer Gold-Plated & Green Embellished Goddess Lakshmi-Shaped Brooch','Women','AccessHer',625,' Green',20),(848,'Gini and Jony Boys Navy Blue Regular Fit Solid Casual Shirt','Boys','Gini and Jony',719,'Blue',100),(849,'MIMOSA Coral Pink Poly Crepe Checked Kanjeevaram Saree','Women','MIMOSA',1709,' Pink',82),(850,'MBE Black & Gold-Toned Printed Dupatta','Women','MBE',701,' Black',68),(851,'Homesake Gold-Toned & White Solid Handcrafted Table Lamp with Shade','Unisex','Homesake',1836,' White',84),(852,'Gini and Jony Boys Rust Red & Navy Blue Striped Round Neck T-shirt with Applique Detail','Boys','Gini and Jony',329,'Blue',56),(853,'HIGHLANDER Men Off-White & Grey Slim Fit Checked Regular Trousers','Men','HIGHLANDER',1299,' White',91),(854,'DKNY Unisex Gold-Toned & White Striped Medium Trolley Bag','Unisex','DKNY',14355,' White',88),(855,'Kenneth Cole Women Brown Solid Backpack','Women','Kenneth Cole',2274,' Brown',74),(856,'Puma Unisex Black Sneakers','Unisex','Puma',3199,' Black',99),(857,'Park Avenue Women Coral Solid A-Line Top','Women','Park Avenue',509,'red',8),(858,'Parx Men Blue Slim Fit Printed Casual Shirt','Men','Parx',822,'Blue',10),(859,'SEJ by Nisha Gupta Set of 4 Turquoise Blue & Pink Printed Table Placemats','Unisex','SEJ by Nisha Gupta',799,'Blue',87),(860,'Gini and Jony Girls White & Pink Cinched Waist Top','Girls','Gini and Jony',899,' White',16),(861,'SEJ by Nisha Gupta Set of 6 Mustard & Pink Printed Table Placemats','Unisex','SEJ by Nisha Gupta',899,' Pink',95),(862,'AccessHer Gold-Plated & Green Embellished Kundan & Enamel Maang Tika','Women','AccessHer',259,' Green',30),(863,'Parx Men Blue Slim Fit Checked Casual Shirt','Men','Parx',699,'Blue',44),(864,'Parx Men Blue Tapered Fit Solid Regular Trousers','Men','Parx',919,'Blue',88),(865,'Black Synthetic Sandals','Women','Beli',974,' Black',5),(866,'Gini and Jony Girls Peach-Coloured Embellished Top','Girls','Gini and Jony',489,' Red',72),(867,'Parx Men Pink Slim Fit Printed Casual Shirt','Men','Parx',679,' Pink',45),(868,'Campus Sutra Men Black Solid Round Neck T-shirt','Men','Campus Sutra',699,' Black',91),(869,'MIAH Decor Set Of 5 Printed Handcrafted Kulladh Set','Unisex','MIAH Decor',865,'red',39),(870,'SEJ by Nisha Gupta Pink & Orange Printed Wooden Open Dry Bin','Unisex','SEJ by Nisha Gupta',999,' Pink',33),(871,'Gini and Jony Boys Black Embellished Classic Regular Fit Chino Shorts','Boys','Gini and Jony',979,' Black',44),(872,'Vishudh Women Black & Maroon Embroidered Straight Kurta','Women','Vishudh',503,' Red',75),(873,'Gini and Jony Boys Maroon Regular Fit Solid Casual Shirt','Boys','Gini and Jony',539,' Maroon',86),(874,'AccessHer Gold-Plated Stone-Studded Maang Tika','Women','AccessHer',1399,' Gold',4),(875,'Raymond Men Blue Solid Polo Collar T-shirt','Men','Raymond',1249,'Blue',34),(876,'Story@home Pink Floral 210 TC Cotton 1 King Bedsheet with 2 Pillow Covers','Unisex','Story@home',1399,' Pink',92),(877,'Lady Lyka Women Black and Burgundy Pack of 2 Everyday Bras MONALISA-WHN-BLK-Multi','Women','Lady Lyka',593,' Black',87),(878,'Gini and Jony Boys Khaki Regular Fit Solid Chinos','Boys','Gini and Jony',839,' Khaki',27),(879,'Parx Men Blue Slim Fit Solid Casual Shirt','Men','Parx',759,'Blue',7),(880,'Parx Men Black Printed Round Neck T-shirt','Men','Parx',489,' Black',19),(881,'MBE Women Black & White Printed Dupatta','Women','MBE',623,' Black',74),(882,'Crew STREET Men White Perforated Mid-Top Sneakers','Men','Crew STREET',2899,' White',71),(883,'Sera Women Off-White & Blue Printed Kurta with Palazzos','Women','Sera',1357,'Blue',57),(884,'Lakme Absolute Matte Melt Liquid Lip Color - 18 Coral Flip 6 ml','Women','Lakme',400,' Matte',6),(885,'Bhama Couture Women Mustard Yellow Solid A-Line Top','Women','Bhama Couture',593,' Yellow',59),(886,'Vishudh Women Pink Embroidered Straight Kurta','Women','Vishudh',1299,' Red',42),(887,'Zippo Men Original Blue Tourquoise Edt 50 ml','Men','Zippo',2900,'Blue',89),(888,'Homesake Gold-Toned & Green Solid Handcrafted Table Lamp with Shade','Unisex','Homesake',1890,' Green',74),(889,'PARFAIT Plus Size Navy Blue Lace Underwired Non Padded Everyday Bra P5632','Women','PARFAIT',1679,'Blue',29),(890,'Homesake Gold-Toned & Peach-Coloured Solid Handcrafted Table Lamp with Shade','Unisex','Homesake',1836,' Red',35),(891,'Parx Men Maroon Self Design Pullover','Men','Parx',919,' Maroon',64),(892,'Park Avenue Women Black Sheath Dress','Women','Park Avenue',749,' Black',41),(893,'MIMOSA Rust Red & Yellow Art Silk Woven Design Kanjeevaram Saree','Women','MIMOSA',1574,' Red',36),(894,'ID Men Tan Brown Solid Comfort Leather Sandals','Men','ID',1394,' Brown',26),(895,'ID Men Black Solid Comfort Leather Sandals','Men','ID',1885,' Black',86),(896,'JEWEL JUNCTION Silver-Toned Geometric Cufflinks','Men','JEWEL JUNCTION',539,' Silver',29),(897,'Campus Sutra Men Black & Grey Standard Regular Fit Striped Casual Shirt','Men','Campus Sutra',599,' Black',76),(898,'Campus Sutra Men Black Solid Henley Neck T-shirt','Men','Campus Sutra',699,' Black',80),(899,'SPYKAR Women Blue Adora Skinny Fit Mid-Rise Slash Knee Stretchable Ankle Jeans','Women','SPYKAR',1214,'Blue',63),(900,'Puma Women Black Sneakers','Women','Puma',3499,' Black',39),(901,'Parx Men Blue Striped Polo Collar T-shirt','Men','Parx',489,'Blue',15),(902,'Urban Dog Men Navy Blue Striped Regular Fit Sports Shorts','Men','Urban Dog',399,'Blue',52),(903,'Gini and Jony Boys Navy Blue Slim Fit Printed Formal Trousers','Boys','Gini and Jony',1329,'Blue',12),(904,'PARFAIT Plus Size Pink  Black Solid Underwired Non Padded Everyday Bra P5522','Women','PARFAIT',1189,' Red',82),(905,'JEWEL JUNCTION Rose Gold-Toned Contemporary Cufflinks','Men','JEWEL JUNCTION',539,' Gold',101),(906,'Raymond Men Blue Checked Polo Collar T-shirt','Men','Raymond',2549,'Blue',25),(907,'Extreme Night Edt 70Ml','Men','Michael Kors',4275,'red',42),(908,'Daffodils Girls White Printed Fit and Flare Dress','Girls','Daffodils',738,' White',63),(909,'Homesake Gold-Toned & Green Solid Handcrafted Table Lamp with Shade','Unisex','Homesake',1836,' Green',52),(910,'SEJ by Nisha Gupta Set of 4 Blue & Pink Printed Table Placemats','Unisex','SEJ by Nisha Gupta',799,'Blue',38),(911,'Campus Sutra Men Grey & Black Printed Round Neck T-shirt','Men','Campus Sutra',699,' Black',94),(912,'EthnoVogue Women Burgundy Solid Made to Measure Printed Cocktail Gown','Women','EthnoVogue',4355,' Burgundy',46),(913,'JEWEL JUNCTION Silver-Toned Geometric Cufflinks','Men','JEWEL JUNCTION',539,' Silver',65),(914,'JEWEL JUNCTION Gold-Toned Geometric Cufflinks','Men','JEWEL JUNCTION',539,' Gold',61),(915,'WITH Men Pack of 2 Printed Pure Cotton Boxers WB25-WB26','Men','WITH',612,'red',56),(916,'berrytree Girls Pink A-Line Organic Cotton Sustainable Dress','Girls','berrytree',599,' Pink',24),(917,'SEJ by Nisha Gupta Set of 6 Multicoloured Printed Table Placemats','Unisex','SEJ by Nisha Gupta',899,' Red',87),(918,'PARFAIT Plus Size Burgundy Lace Underwired Lightly Padded Plunge Bra P5351','Women','PARFAIT',1749,' Red',79),(919,'GAS Men Maroon & Navy Blue Slim Fit Printed Casual Shirt','Men','GAS',3990,'Blue',20),(920,'Homesake Gold-Toned Solid Handcrafted Table Lamp with Shade','Unisex','Homesake',1732,' Gold',92),(921,'HIGHLANDER Men Maroon & White Slim Fit Printed Casual Shirt','Men','HIGHLANDER',699,' White',77),(922,'ID Men Tan Leather Casual Shoes','Men','ID',2685,'red',21),(923,'HIGHLANDER Men Black Slim Fit Striped Regular Trousers','Men','HIGHLANDER',1299,' Black',29),(924,'ahilya Gold-Plated Sterling Silver Drop Earrings','Women','ahilya',6403,' Gold',7),(925,'Peter England Men Maroon Solid Briefs PIWBMR9166012','Men','Peter England',266,' Maroon',63),(926,'PARFAIT Plus Size Nude-Coloured Striped Underwired Lightly Padded T-shirt Bra P5251','Women','PARFAIT',1749,' Red',18),(927,'ahilya Gold Plated Cut-Out Sterling Silver Drop Earrings','Women','ahilya',6174,' Gold',78),(928,'Gini and Jony Girls Yellow Printed Top','Girls','Gini and Jony',559,' Yellow',63),(929,'Marvel by Wear Your Mind Boys Black Printed Round Neck T-shirt','Boys','Marvel by Wear Your Mind',549,' Black',13),(930,'aramis Men Classic Eau De Toilette Spray Concentree Perfume 110ml','Men','aramis',3800,'red',39),(931,'Vishudh Women Green & Mustard Yellow Printed Kurta with Palazzos','Women','Vishudh',1999,' Green',46),(932,'Parx Men Peach-Coloured Solid Polo Collar T-shirt','Men','Parx',489,' Red',97),(933,'Park Avenue Women Grey Checked Pencil Skirt','Women','Park Avenue',659,' Grey',32),(934,'Gini and Jony Girls White & Blue Printed T-shirt with Shorts','Girls','Gini and Jony',629,'Blue',71),(935,'Gini and Jony Girls Navy Blue Striped Denim Pinafore Dress','Girls','Gini and Jony',1399,'Blue',2),(936,'HIGHLANDER Men Green & White Slim Fit Checked Casual Shirt','Men','HIGHLANDER',699,' Green',20),(937,'Homesake Gold-Toned & Green Solid Handcrafted Table Lamp with Shade','Unisex','Homesake',1620,' Green',88),(938,'Vishudh Women Off-White & Green Printed Straight Kurta','Women','Vishudh',619,' Green',78),(939,'PARFAIT Plus Size Beige Solid Underwired Non Padded Everyday Bra P5022','Women','PARFAIT',1679,' Red',92),(940,'VASTRAMAY Boys Cream-Coloured Self Design Kurta with Churidar & Jacket','Boys','VASTRAMAY',1469,' Red',40),(941,'Parx Men Blue Slim Fit Solid Casual Shirt','Men','Parx',779,'Blue',99),(942,'Park Avenue Women Peach-Coloured Solid Top','Women','Park Avenue',506,' Red',21),(943,'Raymond Men Green Solid Polo Collar T-shirt','Men','Raymond',629,' Green',20),(944,'Homesake Gold-Toned Solid Handcrafted Table Lamp with Shade','Unisex','Homesake',1836,' Gold',95),(945,'ether Women Cream-Coloured Solid Peep Toe Flats','Women','ether',449,' Red',5),(946,'Puma Unisex Black TSUGI Cage Premium Puma-Whisper Wh','Unisex','Puma',6299,' Black',41),(947,'Lakme Absolute Matte Melt Liquid Lip Colour 19 Red Vibe','Women','Lakme',400,' Red',13),(948,'C9 AIRWEAR Women Coral-Coloured Solid Track Pants','Women','C9 AIRWEAR',623,' Red',72),(949,'PARFAIT Plus Size Dusty Pink Solid Underwired Non Padded Everyday Bra P5412','Women','PARFAIT',1679,' Red',9),(950,'JEWEL JUNCTION Gold-Toned Geometric Cufflinks','Men','JEWEL JUNCTION',539,' Gold',72),(951,'SPYKAR Women Blue Alicia Super Skinny Fit Low-Rise Clean Look Stretchable Ankle Jeans','Women','SPYKAR',899,'Blue',9),(952,'Lady Lyka Women Red and Beige Pack of 2 Beginners Bras ATHLETE-RED-SKN-Multi','Women','Lady Lyka',425,' Red',90),(953,'Campus Sutra Men Grey & White Standard Regular Fit Camouflage Print Casual Shirt','Men','Campus Sutra',1299,' White',24),(954,'DKNY Unisex Black Cabin Trolley Bag','Unisex','DKNY',22100,' Black',81),(955,'Bubblegummers Boys Pink Printed Comfort Sandals','Boys','Bubblegummers',699,' Pink',27),(956,'her by invictus Women Red Solid Cushioned Mules','Women','her by invictus',1999,' Red',75),(957,'JEWEL JUNCTION Black Geometric Cufflinks','Men','JEWEL JUNCTION',539,' Black',83),(958,'Parx Men Charcoal Grey Slim Fit Printed Casual Shirt','Men','Parx',577,' Grey',12),(959,'DKNY Unisex Silver Large Trolley Bag','Unisex','DKNY',17105,' Silver',96),(960,'Soie Off-White Solid Non-Wired Non Padded Minimizer Bra CB-333IVORY','Women','Soie',632,' Red',62),(961,'DKNY Unisex Black & Grey Printed Large Trolley Bag','Unisex','DKNY',31100,' Black',56),(962,'Raymond Men Brown Solid Polo Collar T-shirt','Men','Raymond',804,' Brown',78),(963,'Urban Dog Men Black Solid Regular Fit Sports Shorts','Men','Urban Dog',399,' Black',42),(964,'Oxolloxo Women Pink Printed Top','Women','Oxolloxo',512,' Pink',7),(965,'Black Slim Fit Mid-Rise Clean Look Jeans','Women','MANGO',1570,' Black',69),(966,'Homesake Gold-Toned Solid Handcrafted Table Lamp with Shade','Unisex','Homesake',1732,' Gold',64),(967,'ID Men Blue Slip-On Leather Sneakers','Men','ID',2685,'Blue',73),(968,'ID Men Brown Derbys','Men','ID',956,' Brown',29),(969,'Parx Men Grey Regular Fit Solid Regular Trousers','Men','Parx',919,' Grey',100),(970,'AccessHer Gold-Plated Embellished Nose Ring with Chain','Women','AccessHer',559,' Gold',40),(971,'Story@home Blue & Grey Geometric 210 TC Cotton 1 King Bedsheet with 2 Pillow Covers','Unisex','Story@home',1399,'Blue',85),(972,'ID Men Tan Brown Leather Formal Derbys','Men','ID',2685,' Brown',22),(973,'Gini and Jony Boys Red & Off-White Regular Fit Dyed Casual Shirt','Boys','Gini and Jony',699,' Red',27),(974,'ahilya Gold-Plated Sterling Silver Drop Earrings','Women','ahilya',4630,' Gold',30),(975,'Homesake Gold-Toned & Purple Solid Handcrafted Table Lamp with Shade','Unisex','Homesake',1620,' Gold',95),(976,'Lady Lyka Women Peach Pack of 2 Everyday Bras ENTIZER11-PCH-PLM','Women','Lady Lyka',510,' Peach',41),(977,'Homesake Gold-Toned & White Solid Handcrafted Table Lamp with Shade','Unisex','Homesake',1620,' White',40),(978,'JEWEL JUNCTION Black Square Cufflinks','Men','JEWEL JUNCTION',539,' Black',92),(979,'Gini and Jony Girls Yellow Net Sequinned Fit & Flare Dress','Girls','Gini and Jony',1379,' Yellow',80),(980,'Carrera Men Blue Sneakers','Men','Carrera',4499,'Blue',3),(981,'SEJ by Nisha Gupta Green & Orange Printed Table Runner','Unisex','SEJ by Nisha Gupta',699,' Green',18),(982,'Parx Men Cream-Coloured Slim Fit Solid Casual Shirt','Men','Parx',647,' Red',61),(983,'Soumya Set of 6 Red & Off White Printed Diwan Set','Unisex','Soumya',1455,' Red',33),(984,'PARFAIT Plus Size Purple Lace Underwired Non Padded Everyday Bra P5612','Women','PARFAIT',1679,' Red',50),(985,'Park Avenue Men Grey Solid Bomber Jacket','Men','Park Avenue',1609,' Grey',39),(986,'Kazo Women Grey Maxi Dress','Women','Kazo',3245,' Grey',40),(987,'Crocs Kadee  Women Multicoloured Printed Slip-On','Women','Crocs',1491,' Red',22),(988,'Soumya Cream-Coloured & Green Set of 5 Floral Square Cushion Covers','Unisex','Soumya',882,' Green',38),(989,'SEJ by Nisha Gupta Pink & Green Printed Table Runner','Unisex','SEJ by Nisha Gupta',699,' Green',75),(990,'Carlton London Women Dusty Pink Wrap Top','Women','Carlton London',640,' Pink',69),(991,'HERE&NOW Men Teal Blue & Black Striped Round Neck T-shirt','Men','HERE&NOW',699,'Blue',92),(992,'French Connection White & Blue Printed Casual Shirt','Men','French Connection',1559,'Blue',84),(993,'Next Look Men Maroon Regular Fit Printed Casual Shirt','Men','Next Look',549,' Maroon',30),(994,'XYXX Men Printed Pack of 2 Remix Pure Cotton Boxer XYBOX2PCKN154','Men','XYXX',670,'red',28),(995,'shaze Women Silver-Plated CZ-Studded Finger Ring','Women','shaze',2420,' Silver',33),(996,'Bitiya by Bhama Girls Blue Solid Chambray Fit and Flare Dress','Girls','Bitiya by Bhama',739,'Blue',47),(997,'Geox Men Burgundy Suede Loafers','Men','Geox',5999,' Burgundy',52),(998,'Tulsattva Women Brown & Red Solid Kurta with Palazzos','Women','Tulsattva',1347,' Red',9),(999,'HERE&NOW Women Teal Green Solid Crop Sweatshirt','Women','HERE&NOW',1299,' Green',26),(1000,'ExclusiveLane Brown Set of Single Geometric Square Cushion Covers','Unisex','ExclusiveLane',499,' Brown',101);
/*!40000 ALTER TABLE `producto` ENABLE KEYS */;
UNLOCK TABLES;

--
-- Table structure for table `productoaparecereserva`
--

DROP TABLE IF EXISTS `productoaparecereserva`;
/*!40101 SET @saved_cs_client     = @@character_set_client */;
/*!50503 SET character_set_client = utf8mb4 */;
CREATE TABLE `productoaparecereserva` (
  `PRODUCTO_cod_producto` int NOT NULL,
  `RESERVA_numero_identificacion` int NOT NULL,
  `cantidad` int NOT NULL,
  `precio` double NOT NULL,
  PRIMARY KEY (`PRODUCTO_cod_producto`,`RESERVA_numero_identificacion`),
  KEY `fk_PRODUCTO_has_RESERVA_RESERVA1_idx` (`RESERVA_numero_identificacion`),
  KEY `fk_PRODUCTO_has_RESERVA_PRODUCTO1_idx` (`PRODUCTO_cod_producto`),
  CONSTRAINT `fk_PRODUCTO_has_RESERVA_PRODUCTO1` FOREIGN KEY (`PRODUCTO_cod_producto`) REFERENCES `producto` (`cod_producto`),
  CONSTRAINT `fk_PRODUCTO_has_RESERVA_RESERVA1` FOREIGN KEY (`RESERVA_numero_identificacion`) REFERENCES `reserva` (`numero_identificacion`)
) ENGINE=InnoDB DEFAULT CHARSET=utf8mb3;
/*!40101 SET character_set_client = @saved_cs_client */;

--
-- Dumping data for table `productoaparecereserva`
--

LOCK TABLES `productoaparecereserva` WRITE;
/*!40000 ALTER TABLE `productoaparecereserva` DISABLE KEYS */;
INSERT INTO `productoaparecereserva` VALUES (19,7,42,90.76),(194,5,62,48.3),(421,10,4,49.91),(432,8,30,17.64),(486,1,95,74.08),(500,10,17,2.27),(513,10,4,42.51),(574,1,86,34.12),(809,9,37,3.85),(910,1,96,63.79);
/*!40000 ALTER TABLE `productoaparecereserva` ENABLE KEYS */;
UNLOCK TABLES;

--
-- Table structure for table `proveedor`
--

DROP TABLE IF EXISTS `proveedor`;
/*!40101 SET @saved_cs_client     = @@character_set_client */;
/*!50503 SET character_set_client = utf8mb4 */;
CREATE TABLE `proveedor` (
  `codigo_proveedor` int NOT NULL,
  `nombre_proveedor` varchar(45) NOT NULL,
  `correo` varchar(45) DEFAULT NULL,
  `pais` varchar(45) CHARACTER SET utf8mb3 COLLATE utf8mb3_general_ci DEFAULT NULL,
  `PRODUCTO_cod_producto` int NOT NULL,
  PRIMARY KEY (`codigo_proveedor`,`PRODUCTO_cod_producto`),
  KEY `fk_PROVEEDOR_PRODUCTO1_idx` (`PRODUCTO_cod_producto`),
  CONSTRAINT `fk_PROVEEDOR_PRODUCTO1` FOREIGN KEY (`PRODUCTO_cod_producto`) REFERENCES `producto` (`cod_producto`)
) ENGINE=InnoDB DEFAULT CHARSET=utf8mb3;
/*!40101 SET character_set_client = @saved_cs_client */;

--
-- Dumping data for table `proveedor`
--

LOCK TABLES `proveedor` WRITE;
/*!40000 ALTER TABLE `proveedor` DISABLE KEYS */;
INSERT INTO `proveedor` VALUES (201,'Fahey-Lynch','kcashen5k@jugem.jp','France',493),(201,'O\'Conner-Kreiger','amilner5k@globo.com','France',874),(202,'Crona, Mann and Kiehn','bkneale5l@va.gov','France',654),(202,'Botsford, Hamill and Hilll','cdrillingcourt5l@loc.gov','Poland',931),(203,'Moore LLC','jpawel5m@earthlink.net','China',398),(203,'Gaylord-Bradtke','','China',644),(204,'Schaefer, Boyle and Kassulke','igammie5n@exblog.jp','Poland',521),(204,'Donnelly-Bruen','gbroseman5n@ocn.ne.jp','Czech Republic',958),(205,'Lehner-Emmerich','','Yemen',140),(205,'Hahn, Bartoletti and Hirthe','rjansen5o@fda.gov','China',337),(206,'Schumm, Jerde and Bergstrom','vcoal5p@businessweek.com','South Korea',722),(206,'Schiller and Sons','','Spain',753),(207,'Terry, Jast and Gislason','kpiatkow5q@wufoo.com','Malawi',165),(207,'Maggio LLC','mdamrell5q@dedecms.com','Poland',285),(208,'Ullrich-Ledner','rdeek5r@si.edu','Vietnam',167),(208,'Hansen-Cummings','fstraughan5r@multiply.com','Spain',865),(209,'Hayes-Lowe','bvictoria5s@webeden.co.uk','China',593),(209,'Kiehn-Bergnaum','awreiford5s@senate.gov','Yemen',919),(210,'Sanford LLC','marblaster5t@cargocollective.com','Spain',149),(210,'Gusikowski, Powlowski and Mills','sjeanneau5t@ning.com','China',453),(211,'Volkman, Adams and Beatty','fheppner5u@spiegel.de','Poland',330),(211,'Ankunding Group','cmaystone5u@a8.net','Guatemala',646),(212,'Wisozk Inc','hshearsby5v@cargocollective.com','China',110),(212,'O\'Reilly, Weber and Strosin','rbeadnall5v@usatoday.com','Spain',285),(213,'Armstrong LLC','','China',203),(213,'Nader Group','hrhydderch5w@vkontakte.ru','Portugal',736),(214,'Lebsack-Rowe','jfountian5x@dagondesign.com','Portugal',129),(214,'Legros-Kovacek','gtoye5x@storify.com','Portugal',925),(215,'Schmitt-Batz','dyonnie5y@va.gov','Sweden',140),(215,'Orn-Rice','onieass5y@scribd.com','Spain',442),(216,'Bahringer-Tillman','','Spain',442),(216,'Doyle, Greenfelder and Raynor','','Indonesia',600),(217,'Abshire LLC','rcuredale60@opera.com','Indonesia',449),(217,'Olson-Cummings','jdeeman60@economist.com','Mongolia',499),(218,'Grant-Champlin','sshannon61@patch.com','Mongolia',279),(218,'Heathcote, O\'Hara and Predovic','ehubbuck61@gov.uk','France',946),(219,'Kulas and Sons','','Indonesia',19),(219,'Walker, Funk and Littel','jaiskrigg62@parallels.com','China',643),(220,'Kautzer LLC','rvaissiere63@hexun.com','France',31),(220,'Mohr, Purdy and Zulauf','','France',119),(221,'Bogisich, Rutherford and Prohaska','ngrasha64@umich.edu','South Africa',640),(221,'Stanton LLC','lolagene64@senate.gov','Philippines',950),(222,'Nitzsche and Sons','jpaget65@artisteer.com','Indonesia',841),(222,'Williamson LLC','zdorwood65@photobucket.com','Philippines',881),(223,'Greenholt LLC','ewelband66@prlog.org','Mauritius',110),(223,'Dach, Dickinson and Veum','cmarfe66@umich.edu','South Africa',956),(224,'Bashirian-Moen','bandriveau67@businessinsider.com','China',551),(224,'Gaylord-Stehr','rpittle67@answers.com','Philippines',948),(225,'Dibbert, Armstrong and Maggio','vpotteridge68@jiathis.com','South Africa',53),(225,'Wolff LLC','rschiefersten68@guardian.co.uk','Philippines',555),(226,'Kub-Gorczany','','Japan',860),(226,'Gaylord Inc','elandeg69@sun.com','Russia',909),(227,'Towne LLC','','Japan',238),(227,'Veum, Kutch and Macejkovic','nlearmonth6a@domainmarket.com','Philippines',990),(228,'Ryan, Gerlach and Schmitt','ylegh6b@joomla.org','Hungary',532),(228,'Franecki, Hayes and Borer','rdunkerley6b@freewebs.com','Hungary',580),(229,'Stracke-Larkin','hdraayer6c@deliciousdays.com','France',208),(229,'Larkin Inc','','Japan',519),(230,'Johns and Sons','areay6d@msu.edu','Indonesia',322),(230,'Bayer-Stanton','jtrusler6d@google.nl','Philippines',429),(231,'Pagac-Kuhic','lfores6e@answers.com','China',599),(231,'Denesik, Moen and Dickens','bocooney6e@newyorker.com','Philippines',799),(232,'Hettinger-Wilkinson','siacobacci6f@patch.com','Japan',670),(232,'Gusikowski, Dooley and Beier','lpothecary6f@paginegialle.it','Japan',784),(233,'Jerde and Sons','sblampy6g@behance.net','China',579),(233,'Senger-Schultz','lseares6g@vk.com','Mexico',619),(234,'Johns-Gutkowski','raylward6h@hud.gov','Indonesia',164),(234,'Bergstrom-McKenzie','','Mexico',199),(235,'Howell Inc','qgreson6i@dropbox.com','Mexico',194),(235,'Rodriguez, Wiza and Heller','sstrasse6i@npr.org','Hungary',211),(236,'Johns-Mann','kcarmont6j@utexas.edu','China',153),(236,'Okuneva Inc','daudus6j@nyu.edu','China',176),(237,'Moore, Altenwerth and Gerhold','spesselt6k@google.co.uk','China',593),(237,'Kunde, Aufderhar and Gutkowski','lkingsman6k@slideshare.net','Indonesia',835),(238,'Jacobi, Hegmann and Treutel','ccoldicott6l@mashable.com','Brazil',479),(238,'Yundt Inc','oprayer6l@blinklist.com','Brazil',818),(239,'Jacobson, Hammes and Howell','cvinker6m@narod.ru','Indonesia',199),(239,'Auer and Sons','gdelasci6m@constantcontact.com','China',282),(240,'Hintz-Little','','Indonesia',86),(240,'O\'Kon Inc','kjoanaud6n@toplist.cz','Spain',678),(241,'Tillman-Cassin','bkluge6o@people.com.cn','China',204),(241,'Mosciski-VonRueden','bmurch6o@goodreads.com','Indonesia',905),(242,'Reichert and Sons','asedgman6p@lycos.com','China',641),(242,'Greenholt, Hodkiewicz and Nikolaus','smattheissen6p@delicious.com','Spain',737),(243,'Russel-McClure','hcathel6q@deviantart.com','Spain',753),(243,'Keeling LLC','bsidworth6q@usa.gov','Greece',976),(244,'O\'Hara Inc','mbatman6r@dyndns.org','Russia',653),(244,'Luettgen-Sipes','sessery6r@1und1.de','Spain',666),(245,'Wunsch LLC','','Spain',375),(245,'Weimann, Fahey and Nitzsche','','Peru',447),(246,'Hirthe, Ritchie and Donnelly','ijessopp6t@a8.net','Greece',109),(246,'Little Inc','estollhofer6t@pinterest.com','Czech Republic',242),(247,'Langworth LLC','mdisdel6u@csmonitor.com','Indonesia',802),(247,'Wyman-Rogahn','','Czech Republic',931),(248,'Zieme Inc','','South Korea',2),(248,'Okuneva-Doyle','lcorragan6v@npr.org','South Korea',894),(249,'Bergnaum Inc','cdezamudio6w@t.co','Ecuador',4),(249,'Mueller Inc','cgrafhom6w@flickr.com','Ecuador',11),(250,'Pouros, Johnston and Kulas','','Ecuador',205),(250,'Zulauf Inc','csmallthwaite6x@theglobeandmail.com','United States',464),(251,'Reynolds Inc','','China',254),(251,'Dach-Dach','pjanosevic6y@bbc.co.uk','Nicaragua',298),(252,'Rath, Schowalter and Flatley','','Nicaragua',558),(252,'Schmidt-Schoen','mdelafoy6z@icio.us','China',795),(253,'Labadie-Volkman','irewan70@nytimes.com','Spain',194),(253,'Kilback, Schmidt and Prohaska','jglassard70@omniture.com','Russia',908),(254,'Gislason, Robel and Bernier','bmiliffe71@ucla.edu','Nicaragua',418),(254,'Hegmann-Jakubowski','bgerald71@squidoo.com','Spain',898),(255,'Considine LLC','alowing72@symantec.com','Spain',36),(255,'Hamill Group','kmcconway72@delicious.com','Libya',249),(256,'Green, Bergstrom and Leuschke','ksapauton73@rambler.ru','France',166),(256,'Cremin Inc','','Spain',336),(257,'Johns Group','tzincke74@ycombinator.com','Nicaragua',465),(257,'Nolan Inc','','Indonesia',938),(258,'Torphy, Von and Grady','anettles75@examiner.com','Uruguay',119),(258,'Terry Group','dkemmons75@infoseek.co.jp','Uruguay',654),(259,'Hayes, Osinski and Brakus','asharkey76@tiny.cc','Indonesia',665),(259,'Blick Group','cworthing76@cmu.edu','Colombia',838),(260,'Williamson-Johnston','cjedraszczyk77@ovh.net','Indonesia',425),(260,'Tremblay-Zieme','drubenczyk77@china.com.cn','Uruguay',449),(261,'O\'Kon LLC','emoodie78@moonfruit.com','Russia',167),(261,'Jerde-Pacocha','jhowroyd78@usa.gov','Uruguay',437),(262,'Thiel and Sons','pkenelin79@biglobe.ne.jp','Colombia',75),(262,'Davis, Lind and Ernser','gdadds79@narod.ru','Colombia',101),(263,'Fay-Frami','','Uruguay',83),(263,'Schultz-Beahan','','Uruguay',988),(264,'Huels-Schowalter','paddicott7b@weebly.com','Uruguay',544),(264,'Russel Group','gdesvignes7b@ning.com','Czech Republic',628),(265,'Koelpin, Hettinger and Volkman','sstrank7c@cbslocal.com','Vietnam',189),(265,'Bogisich-Lubowitz','bkleinsinger7c@blinklist.com','China',579),(266,'Jakubowski Group','mspinello7d@over-blog.com','Vietnam',305),(266,'Bradtke, Baumbach and Carter','broll7d@microsoft.com','China',858),(267,'Barrows, Goyette and Dickens','','Philippines',582),(267,'Flatley-Quitzon','mdeathridge7e@ca.gov','Vietnam',876),(268,'Weber, Parker and Reynolds','','Philippines',398),(268,'Lesch, Haley and Wehner','','Poland',724),(269,'Glover, Barrows and Stiedemann','jmayfield7g@lulu.com','Kazakhstan',57),(269,'Runte-Hauck','bciccottio7g@angelfire.com','Indonesia',606),(270,'Schaefer and Sons','dseedhouse7h@studiopress.com','Indonesia',275),(270,'Nader Group','dkamena7h@free.fr','Poland',920),(271,'Sipes LLC','dsheryn7i@uol.com.br','Indonesia',362),(271,'Ziemann, McCullough and Morar','carunowicz7i@usgs.gov','Vietnam',853),(272,'Torphy Group','dmacmenamin7j@flavors.me','Portugal',288),(272,'Torphy, Bashirian and Yost','mbonallack7j@youtube.com','Saint Barthelemy',399),(273,'Carter-Jones','akeatley7k@unblog.fr','Saint Barthelemy',88),(273,'Jast, Kunze and Halvorson','','China',867),(274,'Parker, Schultz and Hilpert','fsilverstone7l@boston.com','Indonesia',814),(274,'Wisozk, Russel and Schimmel','nkenningham7l@deliciousdays.com','Poland',921),(275,'Williamson and Sons','cmeiklem7m@prweb.com','Saint Barthelemy',567),(275,'Fadel-Kirlin','celloit7m@omniture.com','Saint Barthelemy',803),(276,'Weimann and Sons','lkhristoforov7n@japanpost.jp','Hungary',392),(276,'Batz-Miller','mpellett7n@examiner.com','France',465),(277,'West Inc','csainter7o@forbes.com','Saint Kitts and Nevis',77),(277,'Volkman-Kuhic','','France',382),(278,'Bins, Medhurst and Crona','cstreeting7p@google.com.hk','France',349),(278,'Schmitt, Steuber and Bergnaum','rtuckerman7p@tripod.com','France',545),(279,'Satterfield-Tromp','aackery7q@netlog.com','Albania',927),(279,'Reynolds-Huels','klytlle7q@cafepress.com','Saint Kitts and Nevis',956),(280,'Yundt-O\'Keefe','','Saint Kitts and Nevis',93),(280,'Ortiz, Johnston and Bosco','','Vietnam',295),(281,'Predovic, Reilly and Zemlak','brissen7s@princeton.edu','France',79),(281,'Batz-Marquardt','','Saint Kitts and Nevis',777),(282,'Predovic-Yundt','eleyban7t@miibeian.gov.cn','Saint Kitts and Nevis',332),(282,'Harvey, Romaguera and Gusikowski','adeason7t@si.edu','Russia',682),(283,'Mills Group','','China',216),(283,'Bechtelar-Treutel','ecaccavale7u@over-blog.com','China',271),(284,'Streich-Gerlach','','China',257),(284,'Bailey Inc','','China',689),(285,'Deckow, Crooks and Bosco','dmacgauhy7w@acquirethisname.com','Indonesia',177),(285,'Becker Group','bsussex7w@51.la','China',726),(286,'Brown and Sons','cchittie7x@rediff.com','Indonesia',82),(286,'Rippin Inc','','Indonesia',735),(287,'Shanahan, Crist and Feeney','','Indonesia',62),(287,'Roob Group','wjust7y@ovh.net','France',80),(288,'Reichert and Sons','kmccallister7z@prweb.com','Indonesia',331),(288,'McGlynn, Ratke and Bins','ahallt7z@1und1.de','France',452),(289,'Kovacek-Morar','jtrembath80@forbes.com','France',121),(289,'Jenkins-McGlynn','jcossans80@icq.com','Sweden',543),(290,'Schimmel-Cormier','ajaye81@deviantart.com','Sweden',177),(290,'Farrell Group','vroullier81@amazon.com','Sweden',349),(291,'Mayert Group','gnewns82@senate.gov','Poland',534),(291,'Fritsch, Pfannerstill and Langosh','twillbond82@sourceforge.net','Sweden',932),(292,'MacGyver and Sons','jdumbarton83@deliciousdays.com','Sierra Leone',372),(292,'Keeling-Veum','gstitfall83@digg.com','Sweden',625),(293,'Kutch, Cruickshank and Okuneva','','Sierra Leone',6),(293,'Gibson, Skiles and Hessel','gdeclerk84@tumblr.com','Indonesia',310),(294,'Block, Carroll and Leuschke','ndaborne85@chron.com','Sierra Leone',57),(294,'Harris, Marvin and Abernathy','gscutcheon85@delicious.com','Russia',667),(295,'Maggio, Herzog and Kuhn','dgarvey86@flickr.com','China',328),(295,'Ankunding LLC','','China',982),(296,'Kautzer, Blanda and Cummings','','Philippines',241),(296,'Keeling LLC','bgurden87@sphinn.com','China',802),(297,'Upton, Corkery and Rempel','dburgwyn88@time.com','Uruguay',130),(297,'Windler-Rath','','Uruguay',195),(298,'Runte, Satterfield and Green','bhaugen89@earthlink.net','Uruguay',30),(298,'Hartmann-Wintheiser','lcutford89@163.com','China',564),(299,'Turcotte Inc','southwaite8a@twitter.com','China',626),(299,'Lynch, Bergstrom and Hand','lshieldon8a@apache.org','Uruguay',866),(300,'Fadel Inc','esnawdon8b@networkadvertising.org','Canada',407),(300,'Lueilwitz-Krajcik','rfawcus8b@wsj.com','Canada',714),(301,'Corkery, Rosenbaum and Reynolds','kmeere8c@taobao.com','Canada',442),(301,'Sawayn, Halvorson and Hirthe','pranstead8c@cbslocal.com','Canada',775),(302,'Corwin-McLaughlin','','Canada',542),(302,'Crooks, Torphy and Prohaska','nmcgilvray8d@paginegialle.it','Canada',988),(303,'Wyman, Sipes and Johns','mjozaitis8e@ehow.com','Philippines',330),(303,'Jaskolski, Runte and Cole','mbielby8e@tiny.cc','Indonesia',706),(304,'O\'Kon Inc','','China',615),(304,'Weimann-Abbott','','Indonesia',632),(305,'Harvey-Volkman','kcometti8g@nbcnews.com','Indonesia',46),(305,'Rutherford, King and Roob','kquested8g@mapy.cz','China',419),(306,'Heaney Group','','Argentina',587),(306,'Lubowitz Group','mbrim8h@fema.gov','China',937),(307,'Breitenberg, Ortiz and Lesch','whalegarth8i@foxnews.com','China',638),(307,'Rippin, Collier and Hilpert','mcroasdale8i@xrea.com','China',879),(308,'Quigley Group','','Argentina',506),(308,'Runolfsson, Stiedemann and Barton','doland8j@mayoclinic.com','Argentina',806),(309,'Walsh Group','','Argentina',345),(309,'Treutel, Boyle and Spinka','haston8k@hatena.ne.jp','United States',372),(310,'Watsica-Hoeger','asonnenschein8l@nationalgeographic.com','United Kingdom',107),(310,'Spencer, Casper and Hane','lpahler8l@linkedin.com','United Kingdom',277),(311,'Bins, Klein and Murphy','','United States',289),(311,'Collier-Rogahn','abrummell8m@constantcontact.com','China',665),(312,'Powlowski, Witting and Bruen','tallsupp8n@narod.ru','Japan',5),(312,'McGlynn-Gislason','lpassby8n@jiathis.com','Japan',473),(313,'Bins-Lubowitz','','Japan',780),(313,'Kuphal Group','jscyone8o@lulu.com','Japan',1000),(314,'O\'Connell, Jacobs and Cummerata','','Japan',742),(314,'Heathcote, Hoeger and Wintheiser','','Japan',824),(315,'Erdman-Jast','gculligan8q@hao123.com','Japan',833),(315,'Bradtke, Stokes and Crona','ttwede8q@ucla.edu','Portugal',897),(316,'Hayes, Legros and Schinner','eruthen8r@google.pl','Indonesia',163),(316,'Roberts LLC','bmeaddowcroft8r@dedecms.com','Portugal',730),(317,'Walsh Group','sshulver8s@theglobeandmail.com','China',33),(317,'Boehm LLC','cduigan8s@mapy.cz','Portugal',138),(318,'Volkman-Okuneva','scape8t@geocities.com','Portugal',249),(318,'Hudson Inc','hgovenlock8t@livejournal.com','Philippines',453),(319,'Medhurst-Macejkovic','ncrosdill8u@blog.com','China',495),(319,'Will Group','','Portugal',789),(320,'Beier-Lynch','','Russia',61),(320,'Jacobs, Ondricka and Bradtke','jaggio8v@ezinearticles.com','Portugal',517),(321,'Kuhn-Sawayn','dfenwick8w@myspace.com','Indonesia',25),(321,'Murray LLC','lrainsdon8w@disqus.com','Portugal',244),(322,'Leffler-Price','','Portugal',301),(322,'Dare Inc','','Finland',468),(323,'Ruecker and Sons','','Finland',438),(323,'Abernathy Group','cjurgen8y@paypal.com','Finland',678),(324,'Harris, Skiles and Willms','tassender8z@mail.ru','France',355),(324,'Daniel, Lubowitz and Torphy','jteasell8z@drupal.org','Finland',872),(325,'Beier, Howe and Kutch','abru90@webeden.co.uk','Finland',648),(325,'Welch Inc','','Poland',960),(326,'Shanahan-Corkery','','Finland',182),(326,'Fritsch-Waters','ghaine91@tinypic.com','Yemen',807),(327,'O\'Hara-Swift','','Japan',348),(327,'Mayer-Hagenes','ahighman92@tripod.com','Yemen',588),(328,'Rowe Group','mshewery93@cdc.gov','China',670),(328,'Schinner-Johnson','','Yemen',812),(329,'Schuster LLC','bmacknish94@time.com','China',739),(329,'O\'Keefe-Senger','hromayne94@com.com','China',890),(330,'Daugherty Group','ofadian95@photobucket.com','Portugal',562),(330,'Crist-Nicolas','ddowden95@topsy.com','China',958),(331,'Ondricka-Ruecker','rmcnellis96@discuz.net','Indonesia',478),(331,'Nicolas, Douglas and Halvorson','mmacfadzan96@comsenz.com','China',642),(332,'Block Inc','lbaglin97@elpais.com','Albania',122),(332,'Jacobs-Wolff','rbrettelle97@fda.gov','Albania',723),(333,'O\'Conner, Reynolds and Frami','lduchart98@google.es','Albania',19),(333,'Wilderman LLC','','Albania',806),(334,'Kub and Sons','','Albania',411),(334,'Casper Group','rmenichelli99@ihg.com','Brazil',891),(335,'Kling Inc','nhalladay9a@quantcast.com','Dominica',509),(335,'Block, Zemlak and Crona','dwilkin9a@stumbleupon.com','Dominica',787),(336,'McKenzie, Reynolds and Keebler','gatwell9b@amazon.de','Dominica',286),(336,'Huel, Hansen and Stanton','','Portugal',469),(337,'Senger Inc','jphilpott9c@wikimedia.org','China',324),(337,'Legros, Schmitt and Zulauf','mgrindley9c@artisteer.com','Dominica',451),(338,'Swaniawski-Boyer','amacconnell9d@deviantart.com','Philippines',310),(338,'Rippin LLC','phevner9d@imgur.com','Dominica',692),(339,'Kling-Mayert','tbushel9e@ebay.co.uk','France',200),(339,'Kessler LLC','ymartschke9e@360.cn','Dominica',518),(340,'McClure-O\'Keefe','lzukerman9f@dailymail.co.uk','Dominica',707),(340,'Ruecker-Grimes','jbrough9f@si.edu','China',822),(341,'Russel, Bartell and Maggio','umatuskiewicz9g@stanford.edu','Dominica',251),(341,'Stanton, Gottlieb and Ryan','lerrington9g@cnn.com','China',714),(342,'Thompson, Kreiger and Senger','sbootherstone9h@uiuc.edu','Indonesia',346),(342,'Steuber and Sons','ajakoub9h@census.gov','China',483),(343,'Schaefer LLC','vcheyne9i@friendfeed.com','China',367),(343,'Deckow, Crist and Friesen','iroo9i@webmd.com','Croatia',696),(344,'Koepp LLC','','China',344),(344,'Schneider, O\'Kon and Buckridge','emaccoll9j@youtube.com','Indonesia',632),(345,'Keeling, Christiansen and Monahan','gboothebie9k@stumbleupon.com','Philippines',717),(345,'Kirlin Inc','jgoadby9k@tmall.com','China',942),(346,'Pagac and Sons','acraufurd9l@mail.ru','China',555),(346,'Corkery Group','mfarnon9l@mayoclinic.com','China',714),(347,'Abernathy, Kutch and Cole','rscadding9m@globo.com','China',299),(347,'Heaney, Kunze and Abernathy','lviggars9m@techcrunch.com','Armenia',684),(348,'McCullough, Graham and Daugherty','hcicci9n@state.gov','Armenia',275),(348,'Rosenbaum, Olson and Watsica','','United States',741),(349,'Shanahan-Smith','vidle9o@wikia.com','Estonia',55),(349,'Shanahan, Reilly and Funk','','Armenia',687),(350,'Pfeffer, Kuhn and Ebert','ktwells9p@archive.org','Armenia',168),(350,'Simonis-Huel','tspeachley9p@ning.com','Estonia',382),(351,'Rolfson Inc','demes9q@un.org','Estonia',177),(351,'Runte and Sons','sandraud9q@nymag.com','Indonesia',782),(352,'Bode, Vandervort and Mohr','dlitel9r@chron.com','Estonia',421),(352,'Russel, Strosin and Hilpert','rportsmouth9r@wufoo.com','China',808),(353,'Hamill, Tremblay and Mayert','','Estonia',577),(353,'McDermott-Heaney','cbirkenhead9s@hostgator.com','Philippines',680),(354,'Davis, Lind and Kreiger','lcovert9t@rakuten.co.jp','China',85),(354,'Shields, Zulauf and Lowe','nmephan9t@hc360.com','Spain',279),(355,'Jacobson LLC','','Ireland',472),(355,'Toy-Kilback','gbrumpton9u@mozilla.org','Spain',863),(356,'Bahringer Inc','apetrashov9v@tuttocitta.it','Spain',432),(356,'Considine-Konopelski','','Brazil',986),(357,'Abbott and Sons','hjanjusevic9w@fc2.com','China',552),(357,'Ziemann Inc','psaffran9w@sphinn.com','Spain',807),(358,'Rath-Quitzon','bboldero9x@youku.com','Spain',11),(358,'Collier Group','dfaires9x@economist.com','Spain',791),(359,'O\'Kon, Trantow and Kutch','wmckeating9y@spiegel.de','Spain',99),(359,'Yundt-Fisher','dbradborne9y@ucla.edu','Ukraine',270),(360,'Sipes LLC','','China',904),(360,'Hand-Simonis','laggus9z@blogspot.com','Spain',909),(361,'Goldner-Littel','gbailsa0@weebly.com','Spain',281),(361,'Lindgren-Schinner','rargera0@livejournal.com','Indonesia',717),(362,'DuBuque-Runolfsson','fskellona1@t.co','Spain',93),(362,'Jerde, Schowalter and Champlin','hleatherbarrowa1@china.com.cn','Indonesia',612),(363,'Stracke LLC','rpatshulla2@google.fr','Poland',12),(363,'Medhurst-Weber','apritchitta2@unblog.fr','Spain',78),(364,'Simonis, Brakus and Barton','','Indonesia',865),(364,'Douglas-Rowe','bbuglara3@mediafire.com','Spain',997),(365,'Jacobson, Friesen and Borer','rsrawleya4@drupal.org','Iraq',57),(365,'Runolfsson Group','mscempa4@issuu.com','Spain',233),(366,'Rosenbaum Inc','jwildinga5@deviantart.com','Spain',58),(366,'Towne Group','','Vietnam',85),(367,'Gottlieb, Gorczany and Towne','ttinsleya6@bloglovin.com','Spain',472),(367,'Wolf LLC','','Brazil',641),(368,'Collins, Moore and Heaney','','Finland',845),(368,'Gerlach Group','lparffreya7@booking.com','Spain',889),(369,'Adams-Shields','bforkana8@flickr.com','China',467),(369,'Murray, Gerhold and Nicolas','hadaoa8@dropbox.com','Spain',741),(370,'Harris-Williamson','ojohnstonea9@upenn.edu','Czech Republic',278),(370,'Gutkowski-Buckridge','kmidsona9@ted.com','Spain',803),(371,'Franecki-Barrows','','Spain',435),(371,'Stoltenberg, Welch and Rutherford','gmittenaa@mtv.com','Venezuela',568),(372,'Rosenbaum-Rolfson','dpiggremab@disqus.com','Poland',163),(372,'Feest Group','','Spain',320),(373,'Rice, Bauch and Crooks','aaguirrezabalac@wordpress.com','Haiti',718),(373,'Schroeder-Hoppe','mmatantsevac@hexun.com','Spain',757),(374,'Gutkowski-Feeney','jkleenad@google.de','Spain',119),(374,'Schaefer and Sons','byureninad@samsung.com','Malaysia',461),(375,'Hilpert Inc','','China',243),(375,'Lemke, Brakus and Koch','jsuggeae@last.fm','Spain',607),(376,'Kshlerin-Bahringer','','China',528),(376,'Mertz-Walter','','Spain',562),(377,'Bernier, Dare and Bechtelar','csurgenerag@sbwire.com','Czech Republic',209),(377,'Corwin-Larkin','pprandinag@biblegateway.com','Czech Republic',716),(378,'Orn-Mueller','ewatmanah@cornell.edu','Indonesia',480),(378,'Johnston, Senger and Cassin','msimmankah@cafepress.com','Czech Republic',484),(379,'Nitzsche and Sons','rmeliorai@vimeo.com','United States',249),(379,'Hansen LLC','','Czech Republic',731),(380,'Ernser-Bailey','kgittoseaj@homestead.com','Bosnia and Herzegovina',974),(380,'Kemmer, Sanford and Becker','bjennensaj@cocolog-nifty.com','Bosnia and Herzegovina',992),(381,'Sanford-Runolfsdottir','rmebiusak@opensource.org','Bosnia and Herzegovina',9),(381,'Kris, DuBuque and Moen','mmacklinak@samsung.com','Russia',377),(382,'Turcotte-Pagac','spuddleal@live.com','Bosnia and Herzegovina',283),(382,'Runolfsson, Rodriguez and Swaniawski','vgilloppal@rambler.ru','South Korea',991),(383,'Leannon, Ledner and Grimes','','Bosnia and Herzegovina',64),(383,'Jaskolski-Lehner','ccowernam@miibeian.gov.cn','Poland',868),(384,'Satterfield Inc','drosian@jugem.jp','Bosnia and Herzegovina',52),(384,'Bernier LLC','','Poland',970),(385,'Kihn-Fritsch','tcastletineao@nba.com','Bosnia and Herzegovina',780),(385,'Hintz, Langworth and Moore','wfearnao@washingtonpost.com','Indonesia',908),(386,'Ward, Wyman and Rempel','','Bosnia and Herzegovina',300),(386,'Dietrich, Parisian and Krajcik','hslayfordap@issuu.com','Thailand',301),(387,'Ortiz Group','','Spain',270),(387,'Lockman-Fadel','tblazeaq@wunderground.com','Russia',382),(388,'Berge Group','','Spain',106),(388,'Kessler, Cartwright and Bode','ruttingar@wordpress.org','Spain',413),(389,'Christiansen-Deckow','gantoniottiias@seattletimes.com','Spain',272),(389,'Hilll-Hickle','bmaineas@blogspot.com','France',405),(390,'Christiansen-Turcotte','gspantonat@imgur.com','Spain',22),(390,'Nolan Group','smccorkindaleat@amazon.co.jp','Indonesia',723),(391,'Borer-Hammes','edunleaau@dmoz.org','Spain',234),(391,'Kemmer, Daugherty and Wolf','tenriettoau@cmu.edu','Spain',819),(392,'Tremblay, VonRueden and Swift','','Spain',723),(392,'Rohan LLC','dstablerav@clickbank.net','China',792),(393,'Koch Group','rdebullionaw@comcast.net','Spain',56),(393,'Windler and Sons','usanbrookaw@cnet.com','Indonesia',617),(394,'Torphy-Koss','ejoyntax@wix.com','Spain',651),(394,'Cartwright-Dicki','','Philippines',812),(395,'Goldner and Sons','clittay@merriam-webster.com','Spain',198),(395,'Abernathy, Buckridge and Torp','','Ethiopia',209),(396,'Kris, Romaguera and Gislason','mbasiliaz@t.co','Iran',246),(396,'Leuschke Group','','Spain',868),(397,'Harber LLC','','Spain',561),(397,'Bogan-Konopelski','mstanistreetb0@wunderground.com','Yemen',697),(398,'Russel-Ankunding','gdinleyb1@altervista.org','Portugal',378),(398,'Douglas-Legros','clardezb1@latimes.com','Portugal',566),(399,'Hills, Johnston and Larson','','Portugal',739),(399,'Boyle LLC','yanniesb2@smh.com.au','China',748),(400,'Will-Gerlach','','Portugal',658),(400,'McKenzie and Sons','','Ukraine',780),(401,'Fritsch LLC','omayoralb4@parallels.com','Russia',281),(401,'Hegmann, Lebsack and Predovic','rtrasslerb4@mashable.com','Portugal',975),(402,'O\'Connell, Breitenberg and Parisian','cmattityahoub5@opera.com','Portugal',272),(402,'Homenick Inc','ecoltmanb5@un.org','Indonesia',801),(403,'Shanahan-Runte','fratchfordb6@japanpost.jp','Indonesia',53),(403,'Ryan-Padberg','','China',219),(404,'McClure-Reinger','','Indonesia',21),(404,'Donnelly-Padberg','','Ukraine',916),(405,'Schimmel, Mertz and Weissnat','mgillivrieb8@domainmarket.com','Spain',383),(405,'Bogisich, Aufderhar and Adams','tbrasonb8@mail.ru','Ukraine',486),(406,'Cummings-Graham','','Spain',331),(406,'Davis and Sons','','Norway',946),(407,'Wehner-Connelly','kpostleba@posterous.com','Spain',568),(407,'Wisozk and Sons','omeharryba@bbb.org','Philippines',822),(408,'Gutmann-Torp','bstannahbb@google.it','Philippines',356),(408,'Halvorson-Cremin','rmcknielybb@simplemachines.org','Spain',513),(409,'Tillman-Will','dannettbc@oracle.com','Ukraine',208),(409,'Casper-Hessel','aroydsbc@msu.edu','Spain',527),(410,'Grady LLC','','Spain',166),(410,'Koepp LLC','ucoddbd@mit.edu','South Africa',976),(411,'Cormier-Murazik','','Spain',726),(411,'Jaskolski-McDermott','','Slovenia',987),(412,'Connelly, Dibbert and Heller','','Spain',144),(412,'Kuhic-Quitzon','agriffebf@cbsnews.com','Spain',900),(413,'Baumbach Group','tzapaterbg@de.vu','Spain',584),(413,'Will, Wilderman and Stehr','','Russia',661),(414,'Crooks-Satterfield','atidmarshbh@ustream.tv','Brazil',257),(414,'Blanda-Denesik','oantonsenbh@toplist.cz','Spain',947),(415,'Harvey-Little','khouseleybi@wufoo.com','Argentina',916),(415,'Wintheiser and Sons','gjirickabi@is.gd','Spain',919),(416,'Wuckert-Sanford','','Philippines',478),(416,'Lakin-Mraz','rtregustbj@prweb.com','Spain',789),(417,'Wisoky and Sons','oroffebk@histats.com','Spain',342),(417,'Casper Group','cpagebk@wikispaces.com','Spain',688),(418,'Hartmann Group','','Mexico',11),(418,'Jaskolski and Sons','glangfieldbl@blogs.com','Spain',194),(419,'Simonis Inc','','Spain',375),(419,'Murray, Haag and Weimann','amertelbm@umn.edu','Poland',386),(420,'Larkin-Powlowski','tfobidgebn@ask.com','Spain',57),(420,'Lebsack, Mills and Toy','','Portugal',977),(421,'Bergnaum and Sons','gpierrepointbo@opensource.org','Philippines',629),(421,'Anderson, Rodriguez and Ryan','jbasfordbo@google.nl','Spain',679),(422,'Bechtelar, Keeling and Jenkins','mmcarthurbp@huffingtonpost.com','China',17),(422,'Brakus and Sons','dscoggansbp@economist.com','Spain',181),(423,'Abbott and Sons','eivashnikovbq@stanford.edu','Colombia',445),(423,'Wilderman Group','mdyebq@apache.org','Spain',753),(424,'Schuster and Sons','','Brazil',107),(424,'Goodwin-Padberg','cwindasbr@cbslocal.com','Spain',928),(425,'Balistreri, Emard and Howell','evonwelldunbs@state.tx.us','Russia',325),(425,'Mayert, DuBuque and Turcotte','','Spain',672),(426,'Yost, Heidenreich and McClure','bgorglbt@over-blog.com','Spain',255),(426,'Mayert-Legros','','China',437),(427,'Wintheiser, Volkman and Grimes','hstinsonbu@wp.com','Spain',226),(427,'Hessel Group','ghunterbu@google.ru','Egypt',353),(428,'Trantow Group','rlawliebv@newsvine.com','Comoros',312),(428,'Boehm-Bergnaum','gkettoebv@ca.gov','Spain',398),(429,'Pollich-Hudson','boggerbw@wordpress.org','Spain',214),(429,'Jerde Group','csalleirbw@theatlantic.com','United States',441),(430,'Bergstrom, Davis and Dibbert','astormontbx@altervista.org','Spain',531),(430,'Mueller, Flatley and Beier','araymentbx@webeden.co.uk','France',926),(431,'Stroman-Harber','achapmanby@howstuffworks.com','Spain',245),(431,'Hagenes, Witting and Ebert','vsturridgeby@nifty.com','China',299),(432,'Johnson, Okuneva and Wiza','','Bolivia',682),(432,'Turner and Sons','','Spain',859),(433,'Hills-Quitzon','ecrickmoorc0@oaic.gov.au','Spain',409),(433,'VonRueden-Batz','aparellc0@springer.com','Spain',918),(434,'Willms, Nienow and Dooley','ctoynbeec1@domainmarket.com','Spain',440),(434,'Haag, Kreiger and Barton','dcrookec1@geocities.jp','Guinea',870),(435,'Goyette, Harber and Franecki','wcawkerc2@amazon.co.jp','Spain',234),(435,'Haley, Gusikowski and Schuppe','','Spain',470),(436,'Ankunding-Herzog','sglamartc3@craigslist.org','Spain',844),(436,'Halvorson Group','bdeacockc3@4shared.com','Canada',974),(437,'Ratke, Fritsch and Hermiston','rinmanc4@yahoo.co.jp','Indonesia',47),(437,'Ryan-Connelly','jgozzardc4@java.com','Indonesia',681),(438,'DuBuque, Doyle and Greenholt','','Indonesia',173),(438,'Lubowitz Group','molanderc5@networksolutions.com','Russia',671),(439,'Bosco, Torp and O\'Conner','','Indonesia',261),(439,'Hessel, Welch and Mante','apeskettc6@cocolog-nifty.com','Kazakhstan',635),(440,'Vandervort, Kuvalis and Stracke','lkarpenyac7@flavors.me','Philippines',137),(440,'Thiel-Klocko','dducec7@apple.com','Kazakhstan',168),(441,'Bergnaum-Romaguera','','Honduras',154),(441,'Brekke-Wolff','rslitec8@tiny.cc','Kazakhstan',196),(442,'Kertzmann-Runolfsson','','Kazakhstan',316),(442,'Altenwerth Inc','','China',470),(443,'Schiller Group','wcrantonca@bandcamp.com','Philippines',8),(443,'Boehm Group','rcraytonca@house.gov','Philippines',94),(444,'Kirlin, Kiehn and Mann','mmckerroncb@123-reg.co.uk','Mongolia',230),(444,'Mann Inc','pdeningtoncb@illinois.edu','Mongolia',987),(445,'Kunde, Veum and O\'Kon','bitshakcc@over-blog.com','Russia',265),(445,'Williamson-Torp','fgainsburycc@europa.eu','Albania',752),(446,'Wolff and Sons','oarnouldcd@auda.org.au','Mongolia',714),(446,'Goyette-Wisoky','','Albania',803),(447,'Borer-Bergnaum','dscarrattce@taobao.com','Guatemala',205),(447,'Torp, Rowe and Schiller','lcassellace@ibm.com','Albania',781),(448,'Quitzon, VonRueden and Kreiger','ggaisfordcf@cbsnews.com','Albania',165),(448,'Mraz LLC','cstickelscf@ustream.tv','Mongolia',262),(449,'Dach Inc','dbrownsillcg@themeforest.net','Albania',770),(449,'Langworth, Dibbert and Olson','shaconcg@angelfire.com','Afghanistan',993),(450,'Cormier-Abbott','kcoochch@skyrock.com','Afghanistan',81),(450,'Hackett LLC','rkleynch@bloglines.com','South Africa',354),(451,'Grant-Daniel','usandersonci@timesonline.co.uk','Russia',23),(451,'Christiansen and Sons','rteagueci@constantcontact.com','China',359),(452,'Greenholt LLC','bdoileycj@hao123.com','Russia',677),(452,'Auer-Mayert','ssummerleecj@tripadvisor.com','Ukraine',898),(453,'Predovic, Rutherford and Kreiger','vbirkheadck@nbcnews.com','Russia',362),(453,'Wuckert, Hayes and Barton','lmartuginck@businessweek.com','Russia',501),(454,'Boyle, Purdy and Hickle','','Brazil',189),(454,'Langworth and Sons','','Indonesia',834),(455,'Labadie, Kunde and Balistreri','bcossarcm@ed.gov','Indonesia',232),(455,'Graham-Smith','cpiscotcm@java.com','Indonesia',604),(456,'Runolfsson-Bashirian','','Albania',358),(456,'McGlynn Inc','mcellocn@msn.com','Albania',932),(457,'Stehr Group','bgwytherco@dailymotion.com','Russia',126),(457,'Okuneva, Ratke and Williamson','ajarrelco@bing.com','Russia',921),(458,'Koelpin, Reichel and Raynor','vbartolommeocp@nih.gov','Cameroon',617),(458,'Feil-Sporer','mreckcp@businesswire.com','Cameroon',775),(459,'Bayer and Sons','kbraleycq@posterous.com','Portugal',789),(459,'Wintheiser Inc','caudeniscq@huffingtonpost.com','Saudi Arabia',997),(460,'Kirlin Inc','amcclarycr@woothemes.com','Cameroon',210),(460,'Orn Group','ckaspercr@drupal.org','Saudi Arabia',478),(461,'Upton-Kling','','Portugal',718),(461,'Windler-Murazik','vfedynskics@bbc.co.uk','Aland Islands',972),(462,'Fay Inc','mbechect@blinklist.com','Aland Islands',124),(462,'Harvey, Leannon and Brown','jamericict@desdev.cn','China',784),(463,'Parker-Spencer','acoileycu@time.com','Philippines',168),(463,'Pfannerstill Inc','cmillioncu@time.com','Aland Islands',298),(464,'Klocko, Ledner and Nolan','rcunnanecv@vistaprint.com','Bulgaria',281),(464,'Hartmann, Orn and Crist','hsmeatoncv@tiny.cc','Aland Islands',933),(465,'Gottlieb-Carroll','lwettoncw@skyrock.com','Aland Islands',237),(465,'Stamm-Little','osimiccw@lycos.com','Indonesia',257),(466,'Schroeder Group','bstetsoncx@hostgator.com','Indonesia',451),(466,'Mohr and Sons','losbourncx@craigslist.org','Norway',551),(467,'Ryan-Reilly','lstrewtherscy@chron.com','Indonesia',178),(467,'Trantow and Sons','','China',362),(468,'Collins-Bechtelar','ehaddickcz@ftc.gov','Norway',100),(468,'Grimes and Sons','mcrampcz@sohu.com','Norway',584),(469,'Schumm-Walsh','fguineryd0@wired.com','China',320),(469,'Cummings, Monahan and Lind','ncasserlyd0@telegraph.co.uk','China',915),(470,'Johns, Hessel and Shanahan','amathesd1@weibo.com','El Salvador',135),(470,'Ruecker-Heaney','aberstond1@photobucket.com','El Salvador',434),(471,'Torphy, Monahan and Hansen','hdunned2@microsoft.com','Afghanistan',246),(471,'Abshire-Greenfelder','fcleatherowd2@boston.com','El Salvador',366),(472,'Goldner, Auer and Beatty','','El Salvador',249),(472,'Rice and Sons','arudramd3@disqus.com','El Salvador',521),(473,'McLaughlin, Skiles and Emard','aschustld4@pbs.org','Argentina',661),(473,'Jakubowski Inc','gcoucherd4@umich.edu','Spain',942),(474,'Ziemann, Dickinson and Schulist','jhessled5@myspace.com','Spain',394),(474,'Marks-Gorczany','ipetched5@technorati.com','El Salvador',925),(475,'Mann-Langosh','djanickid6@cpanel.net','Spain',361),(475,'Bartell-Walker','jhassond6@earthlink.net','Azerbaijan',396),(476,'Rippin LLC','fbrackstoned7@photobucket.com','Spain',271),(476,'King-Schaden','','El Salvador',816),(477,'Oberbrunner, Boyle and Hoppe','mfaugheyd8@miibeian.gov.cn','Thailand',163),(477,'Dach Inc','tnillesd8@slashdot.org','Spain',334),(478,'Cummings, Bosco and Grady','ccorintond9@histats.com','Slovenia',60),(478,'Torphy, Moore and Mante','apattingtond9@nature.com','El Salvador',648),(479,'Kozey, Wunsch and Nicolas','vpoxonda@nbcnews.com','China',35),(479,'Goldner-Ryan','sskulletda@wunderground.com','Spain',46),(480,'Harber, Leffler and Crona','cevangelinosdb@nationalgeographic.com','El Salvador',393),(480,'Murphy-Bradtke','pfenlondb@webnode.com','Bosnia and Herzegovina',478),(481,'Stehr, Howe and Nienow','dbingedc@live.com','Macedonia',37),(481,'Lubowitz and Sons','cdollarddc@unesco.org','Spain',101),(482,'Bradtke, Gerlach and Kling','hmytondd@cafepress.com','Spain',443),(482,'Ryan-Hayes','ctwamleydd@sfgate.com','Russia',521),(483,'Johns Group','kdirandde@livejournal.com','Spain',583),(483,'Kerluke-Berge','','Greece',752),(484,'Stamm-Sawayn','yhayesdf@tiny.cc','Spain',58),(484,'Dibbert-Larson','akirkhousedf@spiegel.de','Poland',436),(485,'Kohler, Runolfsdottir and Lueilwitz','','Spain',54),(485,'Kreiger-Bradtke','ewickershamdg@php.net','China',156),(486,'Connelly, Shields and Blick','','Spain',534),(486,'Gutmann, Moore and Hirthe','omacbethdh@biglobe.ne.jp','Tunisia',637),(487,'Mante and Sons','skidgelldi@state.gov','Spain',81),(487,'Bergstrom and Sons','','Syria',270),(488,'Russel, Carroll and Botsford','etinghilldj@opensource.org','Spain',61),(488,'Orn, Wuckert and Dickinson','','Spain',638),(489,'Orn, Ferry and Rath','cleitherdk@tripadvisor.com','Spain',662),(489,'Ziemann-Bailey','erhucroftdk@google.com.au','Spain',977),(490,'Mitchell, Lynch and Durgan','rpontingdl@stanford.edu','Spain',394),(490,'Johnston-Stoltenberg','tdesquesnesdl@blogger.com','Indonesia',864),(491,'Kuphal, Gorczany and Boehm','msprigindm@google.fr','Indonesia',435),(491,'Hoppe, Gorczany and Waelchi','tpudnerdm@clickbank.net','Spain',961),(492,'Gaylord, Jakubowski and Cummings','','Spain',69),(492,'Adams Group','nkeigdn@buzzfeed.com','Philippines',907),(493,'Haag, Goyette and Medhurst','','Spain',724),(493,'Heller Inc','','China',763),(494,'Graham, Carter and Gibson','','Sweden',47),(494,'Kub, Ratke and Olson','','Spain',327),(495,'Lubowitz Group','','Spain',498),(495,'Brown and Sons','','Portugal',816),(496,'Pagac-Cummings','wgooderickdr@gizmodo.com','Spain',419),(496,'Turcotte, Quitzon and Baumbach','bharyngtondr@cbsnews.com','Sweden',838),(497,'Schamberger LLC','ccausbeyds@meetup.com','Spain',446),(497,'Pollich-Bernhard','hwackettds@biblegateway.com','Netherlands',920),(498,'Stark LLC','ljouhandt@reuters.com','Bolivia',67),(498,'Bogan-Pouros','kkeesdt@prlog.org','Bolivia',721),(499,'Mueller, Cartwright and McGlynn','edinnegesdu@accuweather.com','China',3),(499,'Mitchell, Durgan and Lueilwitz','','Netherlands',91),(500,'Corkery, Watsica and O\'Keefe','bcrosierdv@psu.edu','Netherlands',50),(500,'D\'Amore-Vandervort','cfollanddv@xing.com','Portugal',900),(501,'Prosacco-Mayer','','Yemen',322),(501,'McCullough, Gleichner and Grant','hroysondw@oakley.com','Netherlands',900),(502,'Walter LLC','mtomankowskidx@google.ca','Netherlands',218),(502,'Parisian-Kirlin','abastarddx@spiegel.de','China',663),(503,'Sanford Inc','gsadgrovedy@theatlantic.com','Netherlands',756),(503,'Renner, Bins and Hagenes','','Brazil',874),(504,'Brekke LLC','sleveringtondz@delicious.com','Netherlands',588),(504,'Abernathy, Gleason and Stokes','lpiborndz@disqus.com','Yemen',647),(505,'Hagenes Inc','','Bhutan',192),(505,'Swift-Hoppe','cirone0@prnewswire.com','Bhutan',630),(506,'Larson, Torphy and Toy','','Panama',455),(506,'Ernser Inc','clemmee1@engadget.com','Thailand',981),(507,'Howell, Wiza and Gutmann','eepelette2@vinaora.com','Thailand',108),(507,'Jacobson LLC','ccasbolte2@histats.com','Bhutan',383),(508,'Trantow, Crona and Braun','cpfeffele3@foxnews.com','Bhutan',498),(508,'Rutherford, Bayer and Considine','','Brazil',984),(509,'Little LLC','','China',852),(509,'Auer Inc','hrosiere4@furl.net','Panama',988),(510,'Bins-Koepp','','Portugal',116),(510,'Medhurst, Ernser and Flatley','','Panama',646),(511,'West LLC','','Spain',370),(511,'Hettinger, Watsica and Kertzmann','ltamase6@house.gov','China',532),(512,'Runolfsson, Bahringer and Spencer','ccousene7@google.com','China',171),(512,'Padberg-Wiza','jmarchingtone7@nps.gov','Spain',553),(513,'Wolff-Hoppe','wkente8@unc.edu','Greece',235),(513,'Fahey and Sons','rsedgmonde8@auda.org.au','Spain',358),(514,'Barrows, Ratke and Price','','Spain',857),(514,'Skiles-Spinka','','Spain',859),(515,'Kautzer-Windler','lomarkeyea@google.ca','Russia',179),(515,'Parisian, Schultz and Schumm','','Spain',571),(516,'Weissnat-Graham','dkiereb@economist.com','China',432),(516,'Yundt Inc','','Spain',447),(517,'Windler, Murray and Thompson','dguerryec@reddit.com','Spain',486),(517,'Jacobson LLC','dtrembleec@odnoklassniki.ru','Philippines',851),(518,'Lehner-Kuhn','mcritzened@prnewswire.com','Spain',354),(518,'Bechtelar, Mueller and Price','','Spain',884),(519,'Dicki, Witting and Upton','grobelinee@cargocollective.com','Thailand',304),(519,'Trantow-Labadie','twillimotee@google.co.jp','Spain',691),(520,'Waelchi-Friesen','gmiddlemistef@jugem.jp','Spain',401),(520,'Dickinson, Schmidt and Gaylord','lcakeef@netscape.com','Spain',726),(521,'Sporer-Mills','bfosberryeg@timesonline.co.uk','Spain',80),(521,'Hettinger LLC','ocaileeg@parallels.com','China',207),(522,'Casper-Marvin','','Brazil',77),(522,'Gutmann, Koepp and Stokes','','Brazil',797),(523,'Littel and Sons','','Ivory Coast',278),(523,'Kerluke Inc','rprangerei@google.com','Ivory Coast',284),(524,'Steuber-Hansen','dfoyeej@rakuten.co.jp','Ivory Coast',284),(524,'Parker and Sons','mrembaudej@123-reg.co.uk','Libya',621),(525,'DuBuque, Gottlieb and Jenkins','','China',85),(525,'Ryan Inc','tdangeliek@i2i.jp','Ivory Coast',89),(526,'Leuschke Inc','rvignauxel@alibaba.com','South Korea',336),(526,'Okuneva-Smitham','','Ivory Coast',932),(527,'Ortiz, Gutmann and Dach','bsleightem@weebly.com','China',757),(527,'Bruen-Fadel','pvarcoeem@bigcartel.com','Ivory Coast',942),(528,'Strosin LLC','bduinbletonen@nih.gov','China',399),(528,'Paucek, Kuphal and Zemlak','','Serbia',644),(529,'Ledner, Considine and Rutherford','bmacsweeneyeo@cargocollective.com','Indonesia',558),(529,'Keeling, Pacocha and Purdy','ejanzeo@xrea.com','Spain',948),(530,'Ondricka, Wolf and Schamberger','lcammockep@economist.com','Spain',35),(530,'Bashirian-Champlin','','Poland',887),(531,'Powlowski-Ebert','rpritchardeq@feedburner.com','Canada',274),(531,'Raynor and Sons','rchetwineq@posterous.com','Serbia',403),(532,'Heidenreich-Gleichner','','Russia',11),(532,'Keeling-Gleichner','ejeratter@globo.com','Spain',666),(533,'Kulas, Stamm and Reichert','tlongmanes@zimbio.com','Spain',430),(533,'Nolan, Muller and Miller','rtreadawayes@goo.gl','Spain',813),(534,'Dicki and Sons','tdavidwitzet@qq.com','Macedonia',298),(534,'Stehr and Sons','afraneket@timesonline.co.uk','Macedonia',560),(535,'Mayer and Sons','lhubballeu@blogspot.com','Spain',226),(535,'Heaney-Wilkinson','','Spain',503),(536,'Jacobson Inc','jlammerichev@zdnet.com','Russia',779),(536,'O\'Keefe Inc','','Indonesia',792),(537,'Rodriguez-Hansen','','Indonesia',10),(537,'Nienow-Ratke','','Serbia',710),(538,'Hayes-Ortiz','gbalducciex@exblog.jp','Russia',157),(538,'Wiza Inc','cchastanetex@ebay.com','China',323),(539,'Miller-Dickinson','sgerredey@weibo.com','Spain',36),(539,'Wiegand and Sons','asowoodey@cam.ac.uk','Russia',756),(540,'Powlowski, Balistreri and Jaskolski','tlongwoodez@simplemachines.org','China',603),(540,'Kihn LLC','bmcguinnessez@blinklist.com','Russia',870),(541,'Rempel, Macejkovic and Pagac','eitzhakf0@delicious.com','Russia',478),(541,'Kessler-Murazik','hsaladinef0@usgs.gov','Palestinian Territory',582),(542,'Kuphal Group','ndicarlif1@washingtonpost.com','Serbia',606),(542,'Kerluke Inc','','Nigeria',816),(543,'Lakin-Mills','','Palestinian Territory',665),(543,'Keebler-Champlin','lspeakmanf2@google.co.jp','China',692),(544,'Gleason, Howell and Kutch','bsorelf3@tamu.edu','Serbia',132),(544,'Stehr LLC','fculveyf3@xing.com','Japan',280),(545,'Dickinson-Gottlieb','','Palestinian Territory',613),(545,'Gerhold, Balistreri and Auer','mleiferf4@wisc.edu','Serbia',913),(546,'Wisozk Inc','slandaf5@wix.com','Palestinian Territory',178),(546,'Goldner-Keeling','emcgarrityf5@youtu.be','Philippines',717),(547,'Shanahan, Dietrich and Welch','lcogarf6@posterous.com','Brazil',138),(547,'Lemke and Sons','','Palestinian Territory',821),(548,'Luettgen, Fritsch and Zboncak','wrapkinsf7@miitbeian.gov.cn','Brazil',480),(548,'Treutel Group','thummf7@nba.com','Indonesia',770),(549,'Will-Zieme','draglessf8@economist.com','Indonesia',14),(549,'Koepp, Bartoletti and Von','amardlingf8@shop-pro.jp','Indonesia',709),(550,'Flatley, Bergnaum and Little','lbukowskif9@wix.com','Georgia',88),(550,'Friesen and Sons','erobinettef9@simplemachines.org','Russia',333),(551,'Fay Inc','rclokefa@accuweather.com','Georgia',552),(551,'Cummerata LLC','mlipgensfa@army.mil','Georgia',662),(552,'Bashirian LLC','','Poland',241),(552,'Wisozk-Harvey','ncorainfb@digg.com','Poland',915),(553,'Skiles Inc','vzisnerosfc@alexa.com','Georgia',279),(553,'Ruecker, Gutkowski and Hansen','pdikfc@amazon.co.jp','Georgia',439),(554,'Roob-Grimes','','Japan',222),(554,'Jones, Glover and Nolan','','Russia',564),(555,'Cole, Von and Kris','lmcdiarmidfe@t-online.de','Poland',128),(555,'Bruen and Sons','lbiagife@chron.com','Russia',438),(556,'Bartoletti-Cummings','gmaccrachenff@w3.org','Papua New Guinea',965),(556,'Paucek, Morissette and Doyle','mstichelff@cam.ac.uk','United States',969),(557,'Walsh Group','egerrelsfg@smh.com.au','Papua New Guinea',913),(557,'Reilly-Satterfield','gdallfg@multiply.com','Papua New Guinea',961),(558,'Gaylord and Sons','trutherforthfh@army.mil','Myanmar',474),(558,'Buckridge, Bosco and Greenholt','gcozensfh@bravesites.com','Papua New Guinea',852),(559,'Corwin-Mohr','adonifi@reuters.com','Myanmar',491),(559,'Huels LLC','naparkfi@ycombinator.com','Myanmar',784),(560,'Kessler Group','soheffernanfj@mac.com','Bangladesh',766),(560,'Schultz Inc','vwallbanksfj@google.pl','Myanmar',802),(561,'Braun-White','lfantonettifk@sourceforge.net','Myanmar',514),(561,'Schumm and Sons','jpotteryfk@seattletimes.com','Brazil',927),(562,'Schmidt Inc','ubriantfl@barnesandnoble.com','Myanmar',92),(562,'Torphy, Runolfsdottir and Bashirian','khavillfl@google.co.uk','Brazil',337),(563,'Fay Inc','dmeatyardfm@bandcamp.com','Brazil',119),(563,'Schamberger-Ratke','cchmielfm@cbc.ca','Israel',504),(564,'Beatty, Lang and Swaniawski','otooleyfn@myspace.com','Cameroon',313),(564,'Buckridge-Mertz','igoldingayfn@cocolog-nifty.com','Cameroon',422),(565,'Schiller-Keebler','lmacalessfo@51.la','Cameroon',199),(565,'Langworth, Rolfson and Wunsch','','Russia',294),(566,'Borer Inc','snaptinefp@shutterfly.com','Spain',517),(566,'Miller-Murray','mrosseyfp@ow.ly','Sweden',965),(567,'Johns, Streich and Muller','npaoluccifq@prnewswire.com','Poland',87),(567,'Hartmann, Bashirian and Lakin','wstertefq@storify.com','Cameroon',668),(568,'Spinka Inc','','Spain',22),(568,'Lind-Rosenbaum','byoakleyfr@bigcartel.com','Honduras',658),(569,'Breitenberg-Schneider','tmewrcikfs@cam.ac.uk','Spain',660),(569,'Walker, Gerlach and Gorczany','jgoaleyfs@macromedia.com','China',716),(570,'Hamill-Satterfield','cscranneyft@printfriendly.com','Spain',236),(570,'Wyman Inc','','China',356),(571,'Bosco Group','cchippindalefu@xing.com','Greece',473),(571,'Roob, Jaskolski and Von','byakobovitzfu@tumblr.com','Spain',813),(572,'Bode, Zboncak and Bode','fbrokenshawfv@ftc.gov','China',101),(572,'Schuster Group','abrodheadfv@arizona.edu','Spain',309),(573,'Walker-McClure','rmutimerfw@state.gov','Spain',60),(573,'Gutmann, Schoen and Hand','','Spain',477),(574,'Bartell Inc','cbartosfx@merriam-webster.com','Syria',564),(574,'Feil Inc','cspreagfx@devhub.com','Spain',829),(575,'Kemmer, Schuster and Konopelski','josgardbyfy@bloomberg.com','Indonesia',967),(575,'Dibbert, Brakus and Jerde','kwhitingtonfy@amazon.co.uk','Spain',981),(576,'Daniel and Sons','','Spain',329),(576,'Pacocha, Hermiston and Cummerata','csartenfz@apache.org','Spain',492),(577,'Monahan Group','ddowbaking0@t.co','Costa Rica',2),(577,'Luettgen, Hauck and Mills','wpoadg0@furl.net','Costa Rica',415),(578,'Pollich, Lubowitz and Corkery','jwincerg1@twitpic.com','Costa Rica',272),(578,'Douglas Inc','toakdeng1@weather.com','United States',565),(579,'VonRueden LLC','','Costa Rica',538),(579,'Johnston, Russel and Williamson','beaglesg2@hostgator.com','Vietnam',882),(580,'Funk-Bradtke','amobiusg3@usatoday.com','Tanzania',562),(580,'Batz-Durgan','bgledhillg3@liveinternet.ru','Costa Rica',563),(581,'Greenholt, Thompson and Kirlin','dstaveg4@hostgator.com','Tanzania',521),(581,'Mraz and Sons','','Philippines',794),(582,'Auer and Sons','tkivitsg5@pinterest.com','Philippines',476),(582,'Jones, Cummerata and Lueilwitz','athursbyg5@deliciousdays.com','Brazil',615),(583,'Labadie-Botsford','mgaging6@desdev.cn','Tanzania',151),(583,'Metz, Johnston and Quitzon','bpetruschg6@google.it','Hungary',902),(584,'Russel, Heathcote and Sawayn','','China',243),(584,'Waters-Kihn','sfullickg7@samsung.com','Tanzania',831),(585,'Bechtelar, Konopelski and Hilll','','Tanzania',694),(585,'Conn and Sons','gphilpotsg8@privacy.gov.au','Indonesia',813),(586,'Christiansen, Schuster and Pouros','mwogdeng9@comcast.net','Tanzania',80),(586,'Jakubowski-Mraz','cpatnellig9@photobucket.com','Namibia',625),(587,'Lynch, Hermann and Emard','','Indonesia',212),(587,'Ritchie-O\'Conner','ckristufekga@about.com','Namibia',827),(588,'Wolff LLC','','Namibia',12),(588,'Hauck, Flatley and Dooley','rfursegb@nih.gov','Czech Republic',536),(589,'Cartwright-Hackett','','Peru',109),(589,'Dietrich-Batz','ofowgiesgc@symantec.com','Czech Republic',502),(590,'Pouros-Koch','dgadsdengd@weebly.com','Czech Republic',145),(590,'Ondricka-Douglas','vborrettgd@mozilla.com','Ecuador',467),(591,'Boyer-Towne','fpudsallge@shareasale.com','Peru',262),(591,'Keebler-Marks','','Portugal',946),(592,'Mayer, Nienow and Barton','sreavellgf@mlb.com','Brazil',133),(592,'Hirthe LLC','vdomicogf@ebay.com','Peru',292),(593,'Stokes LLC','aborsaygg@bbc.co.uk','Argentina',223),(593,'Abbott-Hyatt','blaguerregg@nytimes.com','Peru',591),(594,'Waelchi LLC','','Peru',114),(594,'D\'Amore, Treutel and Hoppe','ssilvertongh@pbs.org','Brazil',377),(595,'Goyette-Veum','','France',93),(595,'Kunde-Corkery','gmckimmiegi@who.int','France',346),(596,'Ebert and Sons','jnorthidgegj@cisco.com','Indonesia',114),(596,'Dare-Jacobs','asigfridgj@netvibes.com','France',623),(597,'Volkman-Krajcik','cdanisgk@globo.com','France',400),(597,'Schneider-Armstrong','acoadgk@globo.com','Cambodia',677),(598,'Smitham-Runolfsdottir','','Indonesia',288),(598,'Keeling, Robel and Mraz','bmercygl@ezinearticles.com','Spain',728),(599,'Cole LLC','gmaylergm@google.it','Spain',141),(599,'Stehr, Denesik and Funk','oshillakergm@epa.gov','Dominican Republic',951),(600,'Wolff, Treutel and Reichel','ldallygn@comsenz.com','Spain',321),(600,'Balistreri-Champlin','','Comoros',344),(601,'Ankunding Group','wloncastergo@prweb.com','Comoros',556),(601,'Bahringer, Ernser and Jaskolski','oshervilgo@jugem.jp','Brunei',969),(602,'Farrell, Abbott and Lynch','','Philippines',5),(602,'Lemke-Tromp','mhalpingp@hexun.com','Spain',96),(603,'Gleichner-Sanford','wcarlawgq@time.com','Spain',138),(603,'Sipes-Bartoletti','ebudnkgq@linkedin.com','Spain',474),(604,'Quitzon, Watsica and Will','','Indonesia',355),(604,'Feeney, Pollich and Bartell','rtinglegr@archive.org','Indonesia',786),(605,'Heathcote, Wilkinson and Mueller','','Indonesia',427),(605,'Schimmel LLC','syakushkevgs@naver.com','Indonesia',889),(606,'Skiles, MacGyver and Glover','','China',493),(606,'Jast Group','ddumpletongt@guardian.co.uk','Spain',694),(607,'Baumbach LLC','abartkiewiczgu@is.gd','Spain',574),(607,'Gerlach-Hagenes','amctrustamgu@over-blog.com','China',640),(608,'Koepp-Ruecker','','Spain',112),(608,'Bailey, Aufderhar and Goldner','mclemmittgv@nyu.edu','Russia',238),(609,'Turcotte, Huel and Crona','gstollenbeckgw@who.int','Haiti',603),(609,'Howell-Volkman','tcahernygw@msu.edu','Spain',682),(610,'Willms-Kilback','rheadongx@cbc.ca','Haiti',345),(610,'Beer, Romaguera and Wuckert','','Haiti',869),(611,'Rice, Gorczany and Hegmann','mrevittgy@wordpress.org','Haiti',81),(611,'Gusikowski-O\'Kon','anewhousegy@mapquest.com','Finland',187),(612,'Bergnaum, Ankunding and Towne','gcartmelgz@over-blog.com','Brazil',251),(612,'Bartell Group','','Finland',964),(613,'Kris and Sons','','Finland',245),(613,'Klein LLC','neasdonh0@hubpages.com','Bulgaria',770),(614,'Kub-Keebler','arosenfarbh1@google.com.au','Costa Rica',902),(614,'Conn Inc','baleswellh1@flickr.com','Bulgaria',961),(615,'Stokes-Stroman','mpesich2@google.pl','Philippines',716),(615,'Mayer and Sons','pgedneyh2@cargocollective.com','Russia',814),(616,'Schaden and Sons','stroyesh3@infoseek.co.jp','Russia',661),(616,'Wehner-Daugherty','','Philippines',882),(617,'Lindgren, Ortiz and Kihn','dreveyh4@usgs.gov','Philippines',97),(617,'Kilback-D\'Amore','ndumpletonh4@typepad.com','Indonesia',542),(618,'Goodwin Inc','dastleyh5@about.me','Philippines',140),(618,'Sporer, Jast and Emmerich','caskellh5@mtv.com','Botswana',615),(619,'Zemlak, Nikolaus and Rutherford','oodowlingh6@youtu.be','Botswana',259),(619,'Cassin Inc','sklementh6@addthis.com','Bosnia and Herzegovina',317),(620,'Balistreri Inc','smcguinessh7@imgur.com','Botswana',214),(620,'Walsh, Reinger and Hoppe','aabrehearth7@about.me','Germany',771),(621,'Robel-Kuvalis','','Germany',285),(621,'Murray LLC','bduthyh8@usda.gov','Germany',817),(622,'Hickle, Hegmann and Cronin','xgraveh9@businessweek.com','Germany',278),(622,'Kilback LLC','','Botswana',421),(623,'O\'Keefe, Berge and Quitzon','graffeortyha@qq.com','Mexico',83),(623,'Herzog-Reichert','bphetteplaceha@facebook.com','Mexico',900),(624,'McLaughlin and Sons','','Canada',197),(624,'Gaylord and Sons','ebaxstarhb@indiatimes.com','Mexico',701),(625,'Lakin, Medhurst and Okuneva','grodenburghhc@patch.com','China',116),(625,'Roberts, Wehner and Feest','noakshotthc@multiply.com','Mexico',135),(626,'Wunsch-Streich','kdeliashd@posterous.com','China',18),(626,'Carroll LLC','','Mexico',355),(627,'Tillman-Becker','delsomhe@arizona.edu','China',351),(627,'Ullrich-Bartoletti','cbrazenerhe@ed.gov','China',452),(628,'Kunze, Crist and Hahn','hrobionhf@squarespace.com','China',562),(628,'Upton, Ernser and Feil','isegarhf@eventbrite.com','Tunisia',904),(629,'Kiehn, Weber and Dietrich','streharnehg@squarespace.com','China',232),(629,'Kohler, Collins and West','atallmanhg@ameblo.jp','Ukraine',479),(630,'Jast and Sons','emccanehh@ning.com','Brazil',468),(630,'Greenholt LLC','hwindlesshh@ox.ac.uk','Tunisia',856),(631,'Leffler, Haag and Bechtelar','sjurischhi@dailymail.co.uk','Central African Republic',170),(631,'Corkery Inc','ckhilkovhi@sakura.ne.jp','Tunisia',372),(632,'Langworth, Crist and Feest','lquartermainehj@businessweek.com','China',86),(632,'Gutkowski, Bradtke and Weissnat','anutbeamhj@webs.com','Tunisia',236),(633,'Bauch-Kemmer','aslothk@gmpg.org','Tunisia',760),(633,'Heller-Conn','celijahhk@scribd.com','China',925),(634,'Boyer-Block','cheamshl@google.es','Portugal',370),(634,'Gaylord Group','','Spain',785),(635,'Kassulke Group','callsworthhm@imageshack.us','Eritrea',233),(635,'Stanton, Kuphal and Jacobson','lfarenshm@wiley.com','Spain',763),(636,'Greenfelder, Purdy and Tromp','kearneyhn@slate.com','Spain',121),(636,'Hessel-Lemke','hcorraganhn@dedecms.com','China',888),(637,'Rath-Bartoletti','','Spain',201),(637,'Schneider-Smith','rscarsbrookeho@indiatimes.com','Russia',759),(638,'Bashirian Group','glambethhp@ameblo.jp','Philippines',54),(638,'Jenkins, Stanton and Rutherford','tlambirthhp@washington.edu','Spain',518),(639,'Osinski-Runolfsson','kfritchehq@istockphoto.com','Afghanistan',97),(639,'Boyle LLC','gnultyhq@walmart.com','Spain',210),(640,'Zemlak, Bosco and Pouros','jpeehr@canalblog.com','Philippines',154),(640,'Farrell-Bogisich','','Afghanistan',976),(641,'McClure-Kuvalis','jkennifeckhs@google.nl','Afghanistan',87),(641,'O\'Hara, Nienow and Towne','ssextenhs@de.vu','China',191),(642,'Oberbrunner Inc','ldustinght@etsy.com','Spain',616),(642,'Herzog LLC','clockht@google.de','Poland',729),(643,'Heidenreich, Krajcik and Ondricka','clickorishhu@guardian.co.uk','Spain',339),(643,'Rohan LLC','','Portugal',436),(644,'Kilback Inc','bocarranhv@tuttocitta.it','Spain',60),(644,'Kirlin, Cole and Denesik','rshottonhv@google.nl','Portugal',565),(645,'Willms Inc','jmcmeylerhw@bbb.org','Spain',304),(645,'Predovic, Murazik and Wyman','lpavetthw@digg.com','Japan',393),(646,'Prohaska, Rodriguez and Herzog','rstanyardhx@java.com','Spain',129),(646,'Dietrich, Hills and Kris','rmattosoffhx@harvard.edu','Sweden',909),(647,'Ziemann-Pagac','','Spain',281),(647,'Schoen Inc','wtolcharhy@liveinternet.ru','Indonesia',741),(648,'Maggio Inc','pmalthz@artisteer.com','Indonesia',679),(648,'Kassulke LLC','araulthz@nsw.gov.au','Moldova',866),(649,'Bahringer-Spinka','agoulstoni0@wordpress.com','Indonesia',596),(649,'Anderson, Trantow and Smitham','','Vietnam',839),(650,'Casper, Halvorson and Kuvalis','mbrigdalei1@time.com','Haiti',41),(650,'Haley, Lockman and Hermann','cdurdeni1@dyndns.org','Moldova',48),(651,'Jenkins and Sons','dslyfordi2@jigsy.com','Moldova',305),(651,'Lubowitz-Ferry','nwortti2@amazon.co.jp','France',718),(652,'Beier, Ferry and Dietrich','mtuxilli3@instagram.com','China',576),(652,'Gerhold, Bogan and Dooley','sdianoi3@businessweek.com','Moldova',923),(653,'Friesen Group','bthaxtoni4@linkedin.com','China',858),(653,'DuBuque LLC','','Moldova',861),(654,'Jacobs, Osinski and Toy','','China',106),(654,'Anderson and Sons','jburrellsi5@lycos.com','China',862),(655,'Donnelly Inc','mpetscheli6@shutterfly.com','China',581),(655,'Turcotte LLC','ekingmani6@squarespace.com','China',860),(656,'Bashirian-Altenwerth','agiovannonii7@addtoany.com','Poland',427),(656,'Rosenbaum, Moen and Mraz','avitteryi7@is.gd','Poland',530),(657,'Bins-Haag','cfeavearyeari8@sciencedirect.com','Afghanistan',337),(657,'Rohan, McClure and Schaefer','awinchesteri8@opensource.org','Afghanistan',885),(658,'Armstrong Group','gbartlei9@gmpg.org','Syria',29),(658,'Thiel LLC','eswyrei9@epa.gov','Afghanistan',217),(659,'Lemke-Muller','dcarpia@sohu.com','Madagascar',482),(659,'Heaney LLC','','Madagascar',528),(660,'Corwin, Upton and Sawayn','gsutterfieldib@mashable.com','Honduras',329),(660,'Larkin-Swaniawski','ebreakeyib@ucla.edu','Madagascar',697),(661,'Torp, Hyatt and Hilpert','tparadyceic@alibaba.com','Madagascar',56),(661,'O\'Kon LLC','kklimpkeic@google.com','Vietnam',384),(662,'Donnelly Inc','bsangsterid@blog.com','United States',301),(662,'Nicolas LLC','sdickensid@dailymotion.com','Madagascar',603),(663,'Homenick, Wolff and Cartwright','','Madagascar',380),(663,'Wisozk-Upton','bhuxstepie@dailymotion.com','Peru',663),(664,'Corwin Inc','fjewesif@youtube.com','China',282),(664,'Morissette, Ullrich and Halvorson','rqueenboroughif@illinois.edu','Madagascar',961),(665,'Swift Inc','dsolowayig@gravatar.com','Madagascar',381),(665,'Kuphal, Ankunding and Bauch','','Indonesia',925),(666,'McGlynn, Daniel and Pfeffer','','Madagascar',247),(666,'Williamson Inc','','Indonesia',745),(667,'Dickinson, Schmidt and Sipes','jcrombieii@weibo.com','Portugal',727),(667,'Green-Jacobson','msketii@exblog.jp','Madagascar',731),(668,'Thiel, Smith and Spencer','dwroathij@wikia.com','Madagascar',80),(668,'Connelly Inc','ejamsonij@goo.gl','China',151),(669,'Murazik-Wilkinson','jizzardik@trellian.com','Madagascar',120),(669,'Gottlieb-Conn','kjickellsik@dion.ne.jp','Japan',379),(670,'Dicki, Satterfield and Ondricka','','Moldova',203),(670,'Aufderhar and Sons','','Madagascar',510),(671,'Turner-Jones','bpeglerim@prweb.com','Spain',347),(671,'Legros LLC','spaddingtonim@alibaba.com','Honduras',377),(672,'Rolfson-Crist','hcicchinelliin@pen.io','Spain',198),(672,'Hane, Kassulke and Bailey','neggersin@baidu.com','Peru',730),(673,'Willms, Orn and Donnelly','dfollitio@tripadvisor.com','Colombia',113),(673,'Abernathy, Muller and Heidenreich','fsmithermanio@prweb.com','Spain',145),(674,'Hansen, Harris and Hilpert','bhuntingtonip@example.com','Spain',583),(674,'Walter and Sons','rduckerip@ca.gov','Philippines',862),(675,'Kshlerin-Fay','','Spain',293),(675,'Bartoletti, Kshlerin and Swaniawski','nbernieriq@alexa.com','Poland',972),(676,'Reilly, Flatley and Maggio','ghaugenir@wordpress.com','Spain',610),(676,'Turcotte-Wilderman','dashbyir@accuweather.com','Estonia',759),(677,'Collins Inc','ocrumpis@time.com','Spain',590),(677,'Bernier-King','','China',824),(678,'Heaney, Pfeffer and Kozey','bgilpillanit@whitehouse.gov','Spain',195),(678,'Jast, Walker and Trantow','briedelit@rambler.ru','Argentina',922),(679,'Schoen, O\'Kon and Dicki','nlangthorniu@zdnet.com','China',426),(679,'Blick LLC','esemechikiu@loc.gov','Spain',985),(680,'Mosciski-Crona','hgoveriv@tiny.cc','Spain',66),(680,'Kirlin, Welch and Halvorson','kkahaniv@studiopress.com','Pakistan',105),(681,'Toy-Hermann','lparhamiw@nature.com','Spain',32),(681,'Torp-Adams','vgrevilleiw@nyu.edu','China',927),(682,'Batz-Zieme','lstollsteimerix@com.com','Czech Republic',280),(682,'Botsford, Friesen and Farrell','','Spain',714),(683,'Franecki, Kreiger and Waelchi','','Spain',477),(683,'Kulas, Bednar and Welch','ahothersalliy@ftc.gov','China',599),(684,'Johns Group','lshackladyiz@i2i.jp','Ukraine',290),(684,'Douglas, Corwin and Marvin','','Spain',799),(685,'Goldner-Monahan','mgrizardj0@ask.com','Portugal',168),(685,'Olson Inc','kgandrichj0@loc.gov','Spain',356),(686,'Homenick, Larkin and Kub','kradwellj1@networkadvertising.org','Spain',260),(686,'Schimmel and Sons','mcattersonj1@webnode.com','Syria',262),(687,'Schmitt-Ward','elamblej2@parallels.com','Spain',54),(687,'Pollich-Turcotte','kwintonj2@vimeo.com','Australia',442),(688,'Stamm and Sons','','Madagascar',780),(688,'Okuneva LLC','jolczykj3@taobao.com','Spain',812),(689,'Quigley-Strosin','','Indonesia',188),(689,'Fay-Pfannerstill','','Spain',569),(690,'Jones, Simonis and Boyer','hfarnfieldj5@dot.gov','Poland',73),(690,'Rolfson, Rau and Kuphal','tinggallj5@fda.gov','Spain',786),(691,'Schoen and Sons','aphettej6@dmoz.org','France',224),(691,'Schamberger-Casper','sschwierj6@biglobe.ne.jp','Spain',580),(692,'Corwin Group','astintonj7@imgur.com','Brazil',529),(692,'Ernser Inc','','Argentina',951),(693,'Lynch, Koch and Doyle','aanwellj8@ask.com','Argentina',597),(693,'Streich Inc','skervinj8@npr.org','Argentina',821),(694,'Lehner-Schamberger','ogoganj9@goo.gl','Argentina',147),(694,'Steuber and Sons','','Slovakia',724),(695,'Daniel Inc','xmoriganja@yellowpages.com','Slovakia',762),(695,'Rath-Casper','hblazewskija@nsw.gov.au','Argentina',794),(696,'Schroeder LLC','wlacasajb@123-reg.co.uk','Slovakia',394),(696,'Little, MacGyver and Swift','lmcvanamyjb@wordpress.com','China',802),(697,'Wolff LLC','pesslemontjc@photobucket.com','Slovakia',262),(697,'Stoltenberg-Dach','jmcinilityjc@comsenz.com','Spain',478),(698,'Corkery and Sons','','Slovakia',422),(698,'Padberg, Bayer and Prohaska','kstormouthjd@nhs.uk','Spain',981),(699,'Kshlerin Group','cashlinje@theatlantic.com','Philippines',280),(699,'Kuphal, Ebert and Bode','gatherje@flickr.com','Philippines',431),(700,'Keeling-Herman','','Finland',18),(700,'Ziemann, Nitzsche and Lemke','tedessjf@google.com.au','Poland',940);
/*!40000 ALTER TABLE `proveedor` ENABLE KEYS */;
UNLOCK TABLES;

--
-- Table structure for table `reserva`
--

DROP TABLE IF EXISTS `reserva`;
/*!40101 SET @saved_cs_client     = @@character_set_client */;
/*!50503 SET character_set_client = utf8mb4 */;
CREATE TABLE `reserva` (
  `numero_identificacion` int NOT NULL,
  `fecha_inicio` datetime NOT NULL,
  `fecha_fin` datetime DEFAULT NULL,
  PRIMARY KEY (`numero_identificacion`)
) ENGINE=InnoDB DEFAULT CHARSET=utf8mb3;
/*!40101 SET character_set_client = @saved_cs_client */;

--
-- Dumping data for table `reserva`
--

LOCK TABLES `reserva` WRITE;
/*!40000 ALTER TABLE `reserva` DISABLE KEYS */;
INSERT INTO `reserva` VALUES (1,'2021-12-12 00:00:00','2022-09-15 00:00:00'),(2,'2021-09-19 00:00:00','2022-05-29 00:00:00'),(3,'2022-02-18 00:00:00','2022-10-03 00:00:00'),(4,'2021-07-23 00:00:00','2022-07-31 00:00:00'),(5,'2022-03-24 00:00:00',NULL),(6,'2021-06-21 00:00:00','2022-07-08 00:00:00'),(7,'2022-04-05 00:00:00',NULL),(8,'2021-06-14 00:00:00','2022-09-30 00:00:00'),(9,'2021-06-30 00:00:00',NULL),(10,'2021-08-10 00:00:00','2022-09-19 00:00:00'),(11,'2023-04-16 13:19:58',NULL);
/*!40000 ALTER TABLE `reserva` ENABLE KEYS */;
UNLOCK TABLES;
/*!50003 SET @saved_cs_client      = @@character_set_client */ ;
/*!50003 SET @saved_cs_results     = @@character_set_results */ ;
/*!50003 SET @saved_col_connection = @@collation_connection */ ;
/*!50003 SET character_set_client  = utf8mb4 */ ;
/*!50003 SET character_set_results = utf8mb4 */ ;
/*!50003 SET collation_connection  = utf8mb4_0900_ai_ci */ ;
/*!50003 SET @saved_sql_mode       = @@sql_mode */ ;
/*!50003 SET sql_mode              = 'ONLY_FULL_GROUP_BY,STRICT_TRANS_TABLES,NO_ZERO_IN_DATE,NO_ZERO_DATE,ERROR_FOR_DIVISION_BY_ZERO,NO_ENGINE_SUBSTITUTION' */ ;
/*!50003 SET sql_mode              = @saved_sql_mode */ ;
/*!50003 SET character_set_client  = @saved_cs_client */ ;
/*!50003 SET character_set_results = @saved_cs_results */ ;
/*!50003 SET collation_connection  = @saved_col_connection */ ;

--
-- Table structure for table `reserva_mas_reciente`
--

DROP TABLE IF EXISTS `reserva_mas_reciente`;
/*!40101 SET @saved_cs_client     = @@character_set_client */;
/*!50503 SET character_set_client = utf8mb4 */;
CREATE TABLE `reserva_mas_reciente` (
  `numeros_reservas` int DEFAULT NULL,
  `fecha_reciente_reserva` datetime DEFAULT NULL
) ENGINE=InnoDB DEFAULT CHARSET=utf8mb3;
/*!40101 SET character_set_client = @saved_cs_client */;

--
-- Dumping data for table `reserva_mas_reciente`
--

LOCK TABLES `reserva_mas_reciente` WRITE;
/*!40000 ALTER TABLE `reserva_mas_reciente` DISABLE KEYS */;
INSERT INTO `reserva_mas_reciente` VALUES (NULL,'2023-04-16 13:17:20');
/*!40000 ALTER TABLE `reserva_mas_reciente` ENABLE KEYS */;
UNLOCK TABLES;

--
-- Table structure for table `stock`
--

DROP TABLE IF EXISTS `stock`;
/*!40101 SET @saved_cs_client     = @@character_set_client */;
/*!50503 SET character_set_client = utf8mb4 */;
CREATE TABLE `stock` (
  `cantidad` int NOT NULL,
  `talla` varchar(1) DEFAULT NULL,
  `PRODUCTO_cod_producto` int NOT NULL,
  `PRODUCTO_MODO_PAGO_codigo_cuenta` int NOT NULL,
  PRIMARY KEY (`PRODUCTO_cod_producto`,`PRODUCTO_MODO_PAGO_codigo_cuenta`),
  CONSTRAINT `fk_Stock_PRODUCTO1` FOREIGN KEY (`PRODUCTO_cod_producto`, `PRODUCTO_MODO_PAGO_codigo_cuenta`) REFERENCES `producto` (`cod_producto`, `MODO_PAGO_codigo_cuenta`)
) ENGINE=InnoDB DEFAULT CHARSET=utf8mb3;
/*!40101 SET character_set_client = @saved_cs_client */;

--
-- Dumping data for table `stock`
--

LOCK TABLES `stock` WRITE;
/*!40000 ALTER TABLE `stock` DISABLE KEYS */;
INSERT INTO `stock` VALUES (23,'L',1,97),(87,'S',21,40),(43,'S',48,68),(11,'S',66,71),(6,'L',185,2),(68,'M',318,13),(4,'S',471,46),(94,'M',558,5),(21,'L',606,51),(35,'S',708,25);
/*!40000 ALTER TABLE `stock` ENABLE KEYS */;
UNLOCK TABLES;

--
-- Temporary view structure for view `tallas_productos_stock`
--

DROP TABLE IF EXISTS `tallas_productos_stock`;
/*!50001 DROP VIEW IF EXISTS `tallas_productos_stock`*/;
SET @saved_cs_client     = @@character_set_client;
/*!50503 SET character_set_client = utf8mb4 */;
/*!50001 CREATE VIEW `tallas_productos_stock` AS SELECT 
 1 AS `talla`,
 1 AS `count(s.PRODUCTO_cod_producto)`*/;
SET character_set_client = @saved_cs_client;

--
-- Table structure for table `tarjeta`
--

DROP TABLE IF EXISTS `tarjeta`;
/*!40101 SET @saved_cs_client     = @@character_set_client */;
/*!50503 SET character_set_client = utf8mb4 */;
CREATE TABLE `tarjeta` (
  `digitos` int NOT NULL,
  `fecha_caducidad` datetime NOT NULL,
  `MODO_PAGO_codigo_cliente` int NOT NULL,
  KEY `fk_TARJETA_MODO_PAGO_idx` (`MODO_PAGO_codigo_cliente`),
  CONSTRAINT `fk_TARJETA_MODO_PAGO` FOREIGN KEY (`MODO_PAGO_codigo_cliente`) REFERENCES `modo_pago` (`codigo_cuenta`)
) ENGINE=InnoDB DEFAULT CHARSET=utf8mb3;
/*!40101 SET character_set_client = @saved_cs_client */;

--
-- Dumping data for table `tarjeta`
--

LOCK TABLES `tarjeta` WRITE;
/*!40000 ALTER TABLE `tarjeta` DISABLE KEYS */;
INSERT INTO `tarjeta` VALUES (1222216491,'2023-06-22 00:00:00',184),(1834255055,'2023-10-19 00:00:00',122),(1426886964,'2023-12-13 00:00:00',303),(1755799284,'2022-06-07 00:00:00',45),(1203887499,'2022-07-10 00:00:00',904),(1721908130,'2023-05-18 00:00:00',1),(1487712399,'2022-04-19 00:00:00',620),(1500939868,'2022-12-10 00:00:00',64),(1968142874,'2023-09-11 00:00:00',267),(1222216498,'2022-09-11 00:00:00',359);
/*!40000 ALTER TABLE `tarjeta` ENABLE KEYS */;
UNLOCK TABLES;

-- Dump completed on 2023-05-23 19:18:18
